Inspection ID,FEI Number,Legal Name,City Name,Country Name,Country Code,Street Address Line 1,Inspection End Date,Classification Code,Product Type,Center,Project Area,Posted Citations
1268116,1000589993,Guangxi Yulin Pharmaceutical Group Co. Ltd.,Yulin,China,CN,1 Chengzhan Road,03/21/2025,OAI,Drugs,CDER,Drug Quality Assurance,No
1035957,3001164052,"Henan Lihua Pharmaceutical Co., Ltd.",Anyang,China,CN,Middle of Huanghe Street Hi tech Industry Development Zone,12/14/2017,OAI,Drugs,CDER,Drug Quality Assurance,No
822022,3001329340,Valens Molecules Private Limited,Hyderabad,India,IN,"Plot No. 23, Phase I Industrial Development Area Jeedimetla",03/08/2013,OAI,Drugs,CDER,Drug Quality Assurance,No
933602,3001329340,Valens Molecules Private Limited,Hyderabad,India,IN,"Plot No. 23, Phase I Industrial Development Area Jeedimetla",04/06/2015,OAI,Drugs,CDER,Drug Quality Assurance,No
1299974,3001413302,Dabur India Limited,Dadra And Nagar Haveli,India,IN,"225 - 4 - 1 Saily Village, Survey No",01/16/2026,OAI,Drugs,CDER,Drug Quality Assurance,Yes
1028730,3001670917,Kopalle Pharma Chemicals Pvt Ltd.,Hyderabad,India,IN,"Phase Iii IDA, Jeedimetla",10/13/2017,OAI,Drugs,CDER,Drug Quality Assurance,No
1056501,3002619387,Avon Manufacturing (Guangzhou) Ltd.,Guangzhou,China,CN,"No. 11 Industry Road, Taipingzhen Conghua",06/07/2018,OAI,Drugs,CDER,Drug Quality Assurance,No
946285,3002773156,"Xinxiang Pharmaceutical Co., Ltd.",Xinxiang,China,CN,"No.16, Jianwen Road, North District, Industrial Cluster Zone, Yanjin County",09/18/2015,OAI,Drugs,CDER,Drug Quality Assurance,No
1096669,3002785310,Matrix Pharmacorp Private Limited,Vizianagaram,India,IN,"Unit 8, Gaitula Chodavaram, Poosapatirega Mandal",06/05/2019,OAI,Drugs,CDER,Drug Quality Assurance,No
873262,3002806711,Cadila Pharmaceuticals Limited,Ankleshwar,India,IN,"294 Sf-12 Shrinathji Arcade, Karmatur Road",03/28/2014,OAI,Drugs,CDER,Drug Quality Assurance,No
982066,3002806711,Cadila Pharmaceuticals Limited,Ankleshwar,India,IN,"294 Sf-12 Shrinathji Arcade, Karmatur Road",07/25/2016,OAI,Drugs,CDER,Drug Quality Assurance,No
887652,3002807297,Ipca Laboratories Limited,Ratlam,India,IN,P.O. Sejavta,07/18/2014,OAI,Drugs,CDER,Drug Quality Assurance,No
552469,3002807511,Lupin Limited,Mandideep,India,IN,"Unit 1, 198-202, New Industrial Area No. 2, Dist. Raisen",11/12/2008,OAI,Drugs,CDER,Drug Quality Assurance,No
1073522,3002807511,Lupin Limited,Mandideep,India,IN,"Unit 1, 198-202, New Industrial Area No. 2, Dist. Raisen",12/04/2018,OAI,Drugs,CDER,Drug Quality Assurance,No
1191374,3002807511,Lupin Limited,Mandideep,India,IN,"Unit 1, 198-202, New Industrial Area No. 2, Dist. Raisen",11/23/2022,OAI,Drugs,CDER,Drug Quality Assurance,No
1107143,3002807512,Lupin Limited,"Tarapur, Thane",India,IN,"T-142, M.I.D.C. Tarapur Via Boisar",09/20/2019,OAI,Drugs,CDER,Drug Quality Assurance,No
1166309,3002807512,Lupin Limited,"Tarapur, Thane",India,IN,"T-142, M.I.D.C. Tarapur Via Boisar",04/04/2022,OAI,Drugs,CDER,Drug Quality Assurance,No
811127,3002807972,"Sun Pharmaceutical Industries, Inc.",Punjab,India,IN,"Village Toansa, PO Rail Majra, District Nawanshahar",12/14/2012,OAI,Drugs,CDER,Drug Quality Assurance,No
812385,3002807979,Sun Pharmaceutical Industries Limited,Mohali,India,IN,"Unit 1 Plot A-41, Sez Industrial Area, Phase Viii A",12/12/2012,OAI,Drugs,CDER,Drug Quality Assurance,No
1177459,3002807979,Sun Pharmaceutical Industries Limited,Mohali,India,IN,"Unit 1 Plot A-41, Sez Industrial Area, Phase Viii A",08/12/2022,OAI,Drugs,CDER,Drug Quality Assurance,Yes
670622,3002808073,"Sichuan Pharmaceutical Co., Ltd.",Chengdou,China,CN,"189 Huayuanlu, Pengzhou",06/29/2010,OAI,Drugs,CDER,Drug Quality Assurance,No
1107131,3002808145,Shriram Institute for Industrial Research,Delhi,India,IN,19 University Road,10/22/2019,OAI,Drugs,CDER,Drug Quality Assurance,Yes
1231364,3002808145,Shriram Institute for Industrial Research,Delhi,India,IN,19 University Road,02/29/2024,OAI,Drugs,CDER,Drug Quality Assurance,Yes
819389,3002808411,Unique Chemicals,Navi Mumbai,India,IN,"Shiv Mahape Gansoli, Thane Belapur Road",01/31/2013,OAI,Drugs,CDER,Drug Quality Assurance,No
951849,3002808500,"Wockhardt, Ltd.",Ankleshwar,India,IN,"Sf-12 Shrinathji Arcade Plot 138, Bulk Drug Division; Karmatur Road",12/15/2015,OAI,Drugs,CDER,Drug Quality Assurance,No
844314,3002808503,Wockhardt Limited,Aurangabad,India,IN,"L-1, MIDC Area, Jalgaon Road 43, Chikalthana",07/31/2013,OAI,Drugs,CDER,Drug Quality Assurance,No
921885,3002808503,Wockhardt Limited,Aurangabad,India,IN,"L-1, MIDC Area, Jalgaon Road 43, Chikalthana",03/17/2015,OAI,Drugs,CDER,Drug Quality Assurance,Yes
894199,3002808514,"Xian Lijun Pharmaceutical Co., Ltd",Xian,China,CN,NO 151 Hancheng South Road,08/22/2014,OAI,Drugs,CDER,Drug Quality Assurance,No
671263,3002808537,"Yunnan Hande Bio-Tech Co., Ltd.",Kunming,China,CN,"Chuangzhi Industrial Park 5 2., Taiping; Taipingzhen Anning",05/21/2010,OAI,Drugs,CDER,Drug Quality Assurance,No
876166,3002808537,"Yunnan Hande Bio-Tech Co., Ltd.",Kunming,China,CN,"Chuangzhi Industrial Park 5 2., Taiping; Taipingzhen Anning",04/17/2014,OAI,Drugs,CDER,Drug Quality Assurance,No
959848,3002808537,"Yunnan Hande Bio-Tech Co., Ltd.",Kunming,China,CN,"Chuangzhi Industrial Park 5 2., Taiping; Taipingzhen Anning",02/26/2016,OAI,Drugs,CDER,Drug Quality Assurance,No
910402,3002809586,Sun Pharmaceutical Industries Ltd.,Halol,India,IN,Halol - Baroda Highway,09/16/2014,OAI,Drugs,CDER,Drug Quality Assurance,No
996364,3002809586,Sun Pharmaceutical Industries Ltd.,Halol,India,IN,Halol - Baroda Highway,12/01/2016,OAI,Drugs,CDER,Drug Quality Assurance,No
1112832,3002809586,Sun Pharmaceutical Industries Ltd.,Halol,India,IN,Halol - Baroda Highway,12/13/2019,OAI,Drugs,CDER,Drug Quality Assurance,Yes
1169254,3002809586,Sun Pharmaceutical Industries Ltd.,Halol,India,IN,Halol - Baroda Highway,05/09/2022,OAI,Drugs,CDER,Drug Quality Assurance,Yes
1272871,3002809586,Sun Pharmaceutical Industries Ltd.,Halol,India,IN,Halol - Baroda Highway,06/13/2025,OAI,Drugs,CDER,Drug Quality Assurance,Yes
904933,3002949085,Dr. Reddy's Laboratories Limited CTO VI,Srikakulam,India,IN,"APIIC Industrial Estate, Pydibhimavaram, Ranasthalam Mandal",11/21/2014,OAI,Drugs,CDER,Drug Quality Assurance,No
1011964,3002949085,Dr. Reddy's Laboratories Limited CTO VI,Srikakulam,India,IN,"APIIC Industrial Estate, Pydibhimavaram, Ranasthalam Mandal",04/04/2017,OAI,Drugs,CDER,Drug Quality Assurance,No
709477,3002984011,Zydus Lifesciences Limited,"Taluka Sanand, Ahmedabad",India,IN,"Survey No. 417, 419 and 420, Sarkhej Bavla N. H. No. 8A Village-Moraiya",02/03/2011,OAI,Drugs,CDER,Drug Quality Assurance,No
895756,3002984011,Zydus Lifesciences Limited,"Taluka Sanand, Ahmedabad",India,IN,"Survey No. 417, 419 and 420, Sarkhej Bavla N. H. No. 8A Village-Moraiya",09/05/2014,OAI,Drugs,CDER,Drug Quality Assurance,Yes
1088772,3002984011,Zydus Lifesciences Limited,"Taluka Sanand, Ahmedabad",India,IN,"Survey No. 417, 419 and 420, Sarkhej Bavla N. H. No. 8A Village-Moraiya",05/03/2019,OAI,Drugs,CDER,Drug Quality Assurance,Yes
730865,3003041943,Nivedita Chemicals Pvt. Ltd.,Mumbai,India,IN,A - 14,06/15/2011,OAI,Drugs,CDER,Drug Quality Assurance,No
1043219,3003090962,Vipor Chemicals Private Ltd.,Vadodara,India,IN,218 Gidc Industrial Estate,02/24/2018,OAI,Drugs,CDER,Drug Quality Assurance,No
612640,3003091092,Jilin Shulan Synthetic Pharmaceutical Co. Ltd.,Jilin,China,CN,"No. 2066 Peoples Main Road, Shulan",08/28/2009,OAI,Drugs,CDER,Drug Quality Assurance,No
1032074,3003091092,Jilin Shulan Synthetic Pharmaceutical Co. Ltd.,Jilin,China,CN,"No. 2066 Peoples Main Road, Shulan",11/10/2017,OAI,Drugs,CDER,Drug Quality Assurance,No
1077094,3003144728,Jubilant Pharmova Limited,Mysore,India,IN,"No 18, 56, 57 & 58 Kiadb Industrial Area, Nanjangud",12/18/2018,OAI,Drugs,CDER,Drug Quality Assurance,No
839241,3003255171,USV Private Limited,Govandi,India,IN,"Redg. Office: B.S.D. Marg, B-249, 250, 147 & 148, Peenya 2nd Stage",06/11/2013,OAI,Drugs,CDER,Drug Quality Assurance,No
839241,3003255171,USV Private Limited,Govandi,India,IN,"Redg. Office: B.S.D. Marg, B-249, 250, 147 & 148, Peenya 2nd Stage",06/11/2013,OAI,Drugs,CDER,Postmarket Surv. and Epidemiology,No
953632,3003255171,USV Private Limited,Govandi,India,IN,"Redg. Office: B.S.D. Marg, B-249, 250, 147 & 148, Peenya 2nd Stage",10/23/2015,OAI,Drugs,CDER,Drug Quality Assurance,Yes
890252,3003263118,Pan Drugs Ltd.,"Nandesari, Vadodara",India,IN,167-168 GIDC Nandesari Ind. Estate,07/18/2014,OAI,Drugs,CDER,Drug Quality Assurance,No
819245,3003269328,RPG Life Sciences Limited,Navi Mumbai,India,IN,"25, M.I.D.C. Land, Thane, Thane-Belapur Road",01/31/2013,OAI,Drugs,CDER,Drug Quality Assurance,No
771287,3003271254,"Shanghai Huhui Daily Use Chemical Products Co., Ltd.",Shanghai,China,CN,"Pudong District , NO 8 Ludalu",02/10/2012,OAI,Drugs,CDER,Drug Quality Assurance,No
826575,3003297374,Canton Laboratories Private Ltd.,Vadodara,India,IN,"A & B, 110 Gidc Industrial Estate; Makarpura Road",04/09/2013,OAI,Drugs,CDER,Drug Quality Assurance,No
931356,3003297374,Canton Laboratories Private Ltd.,Vadodara,India,IN,"A & B, 110 Gidc Industrial Estate; Makarpura Road",04/22/2015,OAI,Drugs,CDER,Drug Quality Assurance,No
1111289,3003297374,Canton Laboratories Private Ltd.,Vadodara,India,IN,"A & B, 110 Gidc Industrial Estate; Makarpura Road",11/21/2019,OAI,Drugs,CDER,Drug Quality Assurance,No
1024533,3003340745,Ming Fai Industrial (Shenzhen) Co LTD,Shenzhen,China,CN,"Ming Fai Industrial Estate, Bainikeng Pinghu, Longgang",08/11/2017,OAI,Drugs,CDER,Drug Quality Assurance,No
954461,3003394260,Vital Laboratories Pvt Ltd  Plant I,Vapi,India,IN,"Plot No: 1416-21, 1507/1 & 2, 1601 & 1601/3 & 4, G.I.D.C. Estate, Phase III",12/18/2015,OAI,Drugs,CDER,Drug Quality Assurance,No
884001,3003447972,Kreative Organics Private Limited,Hyderabad,India,IN,"D-123 Phase-Iii Ida, Jeedimetla",05/02/2014,OAI,Drugs,CDER,Drug Quality Assurance,No
1010083,3003447972,Kreative Organics Private Limited,Hyderabad,India,IN,"D-123 Phase-Iii Ida, Jeedimetla",04/14/2017,OAI,Drugs,CDER,Drug Quality Assurance,No
815170,3003519498,Fresenius Kabi Oncology Limited,Nadia,India,IN,"D-35 Industrial Area, Kalyani",01/18/2013,OAI,Drugs,CDER,Drug Quality Assurance,No
924144,3003519498,Fresenius Kabi Oncology Limited,Nadia,India,IN,"D-35 Industrial Area, Kalyani",03/03/2015,OAI,Drugs,CDER,Drug Quality Assurance,No
1013712,3003519498,Fresenius Kabi Oncology Limited,Nadia,India,IN,"D-35 Industrial Area, Kalyani",05/24/2017,OAI,Drugs,CDER,Drug Quality Assurance,No
1260407,3003560263,Hikal Limited,Jigani,India,IN,72 - 82 / A Kiadb Industrial Area,02/07/2025,OAI,Drugs,CDER,Drug Quality Assurance,No
697597,3003585759,"Ningbo Smart Pharmaceutical Co., Ltd.",Ningbo,China,CN,"Sec. C1, Ningbo Eco., Tech. Dev. Zone Beilun",10/29/2010,OAI,Drugs,CDER,Drug Quality Assurance,No
1123376,3003585876,Solara Active Pharma Sciences Limited,Cuddalore,India,IN,"A - 1/B Sipcot Industrial Complex, Kudikadu Village",03/07/2020,OAI,Drugs,CDER,Drug Quality Assurance,No
936929,3003631275,Zhejiang Medicine Co. Ltd. Xinchang Pharmaceutical Factory,Xinchang,China,CN,98 East Xinchang Dadao Road,06/18/2015,OAI,Drugs,CDER,Drug Quality Assurance,No
608014,3003657863,Xi'an Libang Pharmaceutical Co Ltd. API Plant,Xian,China,CN,"Liucun Bao Industrial, No. 42 Fengchan Road; Weiyang",07/30/2009,OAI,Drugs,CDER,Drug Quality Assurance,No
851023,3003671775,"Tianjin Zhongan Pharmaceutical Co., Ltd.",Tianjin,China,CN,"Xiqing, 188 Fukang Road",09/27/2013,OAI,Drugs,CDER,Drug Quality Assurance,No
956512,3003671775,"Tianjin Zhongan Pharmaceutical Co., Ltd.",Tianjin,China,CN,"Xiqing, 188 Fukang Road",02/02/2016,OAI,Drugs,CDER,Drug Quality Assurance,No
878344,3003677831,Keshava Organics Private Ltd.,Tarapur,India,IN,T - 97 98 & 100 Boisar,04/18/2014,OAI,Drugs,CDER,Drug Quality Assurance,No
1021757,3003677831,Keshava Organics Private Ltd.,Tarapur,India,IN,T - 97 98 & 100 Boisar,05/31/2017,OAI,Drugs,CDER,Drug Quality Assurance,No
1240456,3003721861,Calyx Chemicals & Pharmaceuticals Limited,Palghar,India,IN,"N-102/91 Midc Tarapur, Boisar",05/17/2024,OAI,Drugs,CDER,Drug Quality Assurance,No
1219348,3003723117,SRI Krishna Pharmaceuticals Ltd,Hyderabad,India,IN,"Unit I, C-4, Industrial Area, Uppal Khalsa (V), Uppal (M), Medchal-Malkajgiri (Dist.)",09/01/2023,OAI,Drugs,CDER,Drug Quality Assurance,No
1082513,3003727322,"Ningbo Pulisi Daily Chemical Products Co., Ltd",Yuyao City,China,CN,"Fangjia Road, Xiaocao'E Town",02/28/2019,OAI,Drugs,CDER,Drug Quality Assurance,No
938356,3003735151,Zhejiang Hisoar Pharmaceutical Co. Ltd.,Taizhou,China,CN,"100 Waisha Branch Road, Jiaojiang",08/13/2015,OAI,Drugs,CDER,Drug Quality Assurance,No
853880,3003744377,"Zhejiang Jiuzhou Pharmaceutical Co., Ltd.",Taizhou,China,CN,"NO. 99 Waishalu, Jiaojiang",10/24/2013,OAI,Drugs,CDER,Drug Quality Assurance,No
735565,3003747592,Xylo Chem Industries,Nadiad,India,IN,C - 3/1 G I D C Industrial Estate,07/16/2011,OAI,Drugs,CDER,Drug Quality Assurance,No
1201275,3003747592,Xylo Chem Industries,Nadiad,India,IN,C - 3/1 G I D C Industrial Estate,03/31/2023,OAI,Drugs,CDER,Drug Quality Assurance,No
883099,3003802404,Mahendra Chemicals,Ahmedabad,India,IN,B - 1 217 & 218 2 Phase - Ii G I D C Estate,05/24/2014,OAI,Drugs,CDER,Drug Quality Assurance,No
1016071,3003802404,Mahendra Chemicals,Ahmedabad,India,IN,B - 1 217 & 218 2 Phase - Ii G I D C Estate,02/24/2017,OAI,Drugs,CDER,Drug Quality Assurance,No
890880,3003813519,OneSource Specialty Pharma Limited,Bengaluru,India,IN,"Opp Iim, Banner Ghatta Road",08/08/2014,OAI,Drugs,CDER,Drug Quality Assurance,No
748496,3003821988,Somerset Therapeutics Private Limited,Bengaluru,India,IN,"54/1, Boodihal Village Nelamangala Taluk",09/20/2011,OAI,Drugs,CDER,Drug Quality Assurance,No
1118121,3003821988,Somerset Therapeutics Private Limited,Bengaluru,India,IN,"54/1, Boodihal Village Nelamangala Taluk",02/19/2020,OAI,Drugs,CDER,Drug Quality Assurance,No
1166834,3003821988,Somerset Therapeutics Private Limited,Bengaluru,India,IN,"54/1, Boodihal Village Nelamangala Taluk",04/04/2022,OAI,Drugs,CDER,Drug Quality Assurance,Yes
1261727,3003821988,Somerset Therapeutics Private Limited,Bengaluru,India,IN,"54/1, Boodihal Village Nelamangala Taluk",02/21/2025,OAI,Drugs,CDER,Drug Quality Assurance,No
953417,3003828267,Beijing Taiyang Pharmaceutical Industry Company Ltd,Beijing,China,CN,"No 1 Shuangqiao E. Road, Chaoyang",11/19/2015,OAI,Drugs,CDER,Drug Quality Assurance,No
1094254,3003849542,"Taizhou Taifa Pharmaceuticals Co., Ltd.","Xianju, Taizhou",China,CN,"No.14, Industrial East Road",05/15/2019,OAI,Drugs,CDER,Drug Quality Assurance,No
1062283,3003885745,Zhejiang Huahai Pharmaceutical,Linhai,China,CN,"Coastal Industrial Zone, Chuannan No. 1 Branch No. 9, Donghai 5th Avenue",08/03/2018,OAI,Drugs,CDER,Drug Quality Assurance,No
1289900,3003903069,Inventaa Chemicals Private Limited,Bodavada,India,IN,"No 137 Survey, Keesara Village",09/19/2025,OAI,Drugs,CDER,Drug Quality Assurance,No
985061,3003916387,Sal Pharma,Hyderabad,India,IN,1-7-176 Bakaram,07/01/2016,OAI,Drugs,CDER,Drug Quality Assurance,No
1192256,3003973520,Centaur Pharmaceuticals Private Ltd.,Thane,India,IN,"Plot No. 75,76,76/1 & 74 Chikhloli Midc, Ambernath (West)",11/21/2022,OAI,Drugs,CDER,Drug Quality Assurance,No
759865,3003973527,Amsal Chem Pvt. Ltd.,Ankleshwar Gujarat,India,IN,"A-1/401-402-403, GIDC",12/09/2011,OAI,Drugs,CDER,Drug Quality Assurance,No
991307,3003978209,Vista Pharmaceuticals Limited,Nalgonda District,India,IN,"Apiic Industrial Estate, Gopalaipalli Village",09/23/2016,OAI,Drugs,CDER,Drug Quality Assurance,No
1040372,3003978209,Vista Pharmaceuticals Limited,Nalgonda District,India,IN,"Apiic Industrial Estate, Gopalaipalli Village",02/09/2018,OAI,Drugs,CDER,Drug Quality Assurance,Yes
1093250,3003999190,"Zhejiang Huahai Pharmaceutical Co., Ltd.",Linhai,China,CN,Xunqiao Town,05/31/2019,OAI,Drugs,CDER,Drug Quality Assurance,No
1259818,3003999190,"Zhejiang Huahai Pharmaceutical Co., Ltd.",Linhai,China,CN,Xunqiao Town,01/24/2025,OAI,Drugs,CDER,Drug Quality Assurance,No
1319736,3003999190,"Zhejiang Huahai Pharmaceutical Co., Ltd.",Linhai,China,CN,Xunqiao Town,04/24/2026,OAI,Drugs,CDER,Drug Quality Assurance,No
972211,3004002973,"Jinan Jinda Pharmaceutical Chemistry Co., Ltd.",Jinan,China,CN,"No. 6121 Longquan Road, Zhangqiu",06/01/2016,OAI,Drugs,CDER,Drug Quality Assurance,No
1057725,3004002973,"Jinan Jinda Pharmaceutical Chemistry Co., Ltd.",Jinan,China,CN,"No. 6121 Longquan Road, Zhangqiu",05/18/2018,OAI,Drugs,CDER,Drug Quality Assurance,No
1191818,3004011473,Intas Pharmaceuticals Limited,Sanand,India,IN,"Pharmez Plot No 5-14, Near Village Matoda; Sarkhej-Bavla Highway No 8-A",12/02/2022,OAI,Drugs,CDER,Drug Quality Assurance,Yes
684552,3004021229,Aurobindo Pharma Ltd,Medchal,India,IN,"Unit 3, Survey 313 & 314, Bachupally, Medchal-Malkajgiri District",09/24/2010,OAI,Drugs,CDER,Drug Quality Assurance,No
1080606,3004021253,Apitoria Pharma Private Limited,Sangareddy,India,IN,"Unit-I, Survey No. 379, 385, 386, 388 To 396 Borpatla Village, Hathnoora Mandal",02/02/2019,OAI,Drugs,CDER,Drug Quality Assurance,No
1149904,3004021253,Apitoria Pharma Private Limited,Sangareddy,India,IN,"Unit-I, Survey No. 379, 385, 386, 388 To 396 Borpatla Village, Hathnoora Mandal",08/12/2021,OAI,Drugs,CDER,Drug Quality Assurance,No
711843,3004021263,Aurobindo Pharma Limited,Sangareddy,India,IN,"Unit-VI, Chitkul Village, Patancheru Mandal, Sy. No.329/39 & 329/47",12/22/2010,OAI,Drugs,CDER,Drug Quality Assurance,No
986230,3004058356,Badrivishal Chemicals & Pharmaceuticals,Dist. Pune,India,IN,"Gat No. 29, Village Jambwade (Induri), Post Sudumbre, Taluka Maval",08/19/2016,OAI,Drugs,CDER,Drug Quality Assurance,No
1014454,3004060039,"Guangdong Zhanjiang Jimin Pharmaceutical Co., Ltd.",Zhangjiang,China,CN,NO. 59 Renmin South Road,05/19/2017,OAI,Drugs,CDER,Drug Quality Assurance,No
1103305,3004081307,Cipla Limited,Salcette,India,IN,"L139 To L146, S-103 To S-105, S-107 To S-112, L147 To L-147/1/2/3, L-147a, L-138, L-150, S-116, Verna Industrial Area",09/27/2019,OAI,Drugs,CDER,Drug Quality Assurance,Yes
1178952,3004081307,Cipla Limited,Salcette,India,IN,"L139 To L146, S-103 To S-105, S-107 To S-112, L147 To L-147/1/2/3, L-147a, L-138, L-150, S-116, Verna Industrial Area",08/26/2022,OAI,Drugs,CDER,Drug Quality Assurance,Yes
972077,3004086192,USV Private Limited,"Dabhel, Daman",India,IN,"H-13, 16, 16a, 17, 18, 19, 20, 21 & E-22, Oidc, Mahatma Gandhi Udyog Nagar",06/10/2016,OAI,Drugs,CDER,Drug Quality Assurance,No
1190842,3004086192,USV Private Limited,"Dabhel, Daman",India,IN,"H-13, 16, 16a, 17, 18, 19, 20, 21 & E-22, Oidc, Mahatma Gandhi Udyog Nagar",11/17/2022,OAI,Drugs,CDER,Drug Quality Assurance,Yes
1321638,3004086192,USV Private Limited,"Dabhel, Daman",India,IN,"H-13, 16, 16a, 17, 18, 19, 20, 21 & E-22, Oidc, Mahatma Gandhi Udyog Nagar",04/17/2026,OAI,Drugs,CDER,Drug Quality Assurance,No
1245798,3004094136,Global Calcium Pvt. Limited,Hosur,India,IN,125/126 Sipcot Industrial Complex,08/02/2024,OAI,Drugs,CDER,Drug Quality Assurance,No
1020598,3004102971,Yicheng Chemical Corp.,Changzhou,China,CN,"1, 402 Fuchen Garden Suite; Xinbei District",07/21/2017,OAI,Drugs,CDER,Drug Quality Assurance,No
853505,3004117396,"Novacyl Wuxi Pharmaceutical Co., Ltd.",Wuxi,China,CN,"8 Guangshi Road, Huishan",10/18/2013,OAI,Drugs,CDER,Drug Quality Assurance,No
965700,3004117396,"Novacyl Wuxi Pharmaceutical Co., Ltd.",Wuxi,China,CN,"8 Guangshi Road, Huishan",04/14/2016,OAI,Drugs,CDER,Drug Quality Assurance,No
1295344,3004117486,"Hubei Gedian Humanwell Pharmaceutical Co., Ltd.",Ezhou,China,CN,No. 25 Juxian Road; Gedian Development Zone,11/07/2025,OAI,Drugs,CDER,Drug Quality Assurance,No
996506,3004149463,Divi's Laboratories Ltd. (Unit II),Visakhapatnam District,India,IN,"Chippada Village, Annavaram, Bheemunipatnam Mandal",12/06/2016,OAI,Drugs,CDER,Drug Quality Assurance,No
1241011,3004153045,Jagsonpal Pharmaceuticals Ltd.,Alwar,India,IN,"B-1124, Riico Industrial Area, Phase-Iii, Bhiwadi",04/03/2024,OAI,Drugs,CDER,Drug Quality Assurance,No
869289,3004161432,Sharp Global Limited,New Delhi,India,IN,"Sharp House, 1st Floor, Plot 9, Part 1, Sagar Centre",03/10/2014,OAI,Drugs,CDER,Drug Quality Assurance,No
1025978,3004293613,Mentha & Allied Products Private Ltd.,Rampur,India,IN,16th Km Rampur-Swar Road,09/08/2017,OAI,Drugs,CDER,Drug Quality Assurance,No
1252693,3004293613,Mentha & Allied Products Private Ltd.,Rampur,India,IN,16th Km Rampur-Swar Road,09/25/2024,OAI,Drugs,CDER,Drug Quality Assurance,No
1071152,3004378446,Hetero Labs Limited,Sangareddy,India,IN,"Unit-I, Survey No. 10, I.D.A., Gaddapotharam (Village), Jinnaram (Mandal)",09/28/2018,OAI,Drugs,CDER,Drug Quality Assurance,No
1149831,3004378446,Hetero Labs Limited,Sangareddy,India,IN,"Unit-I, Survey No. 10, I.D.A., Gaddapotharam (Village), Jinnaram (Mandal)",08/12/2021,OAI,Drugs,CDER,Drug Quality Assurance,No
936944,3004391730,"SPH Sine Pharmaceutical Laboratories Co., Ltd.",Shanghai,China,CN,"905 XinJinqiao Road, Pilot Free Trade Zone",07/31/2015,OAI,Drugs,CDER,Drug Quality Assurance,No
953580,3004395180,Dongying Tiandong Pharmaceutical Co Ltd,Dongying,China,CN,"No. 1236 Nan-Er Road, Dongying",10/16/2015,OAI,Drugs,CDER,Drug Quality Assurance,No
934553,3004414652,Unimark Remedies Limited,Vapi,India,IN,"41/42, GIDC Industrial Estate, 1st Phase, Dist: Valsad",05/22/2015,OAI,Drugs,CDER,Drug Quality Assurance,No
1030008,3004414652,Unimark Remedies Limited,Vapi,India,IN,"41/42, GIDC Industrial Estate, 1st Phase, Dist: Valsad",09/29/2017,OAI,Drugs,CDER,Drug Quality Assurance,No
1286862,3004446312,Aurobindo Pharma Limited,Medchal,India,IN,"Unit Xii, Sy.No.314, Bachupally, Bachupally Mandal, Medchal-Malkajgiri District",09/05/2025,OAI,Drugs,CDER,Drug Quality Assurance,No
894198,3004459466,"Yicheng Goto Pharmaceuticals Co., Ltd",Xiangyang,China,CN,"Group 1 Gaokeng, Yicheng",09/04/2014,OAI,Drugs,CDER,Drug Quality Assurance,No
1026312,3004459466,"Yicheng Goto Pharmaceuticals Co., Ltd",Xiangyang,China,CN,"Group 1 Gaokeng, Yicheng",09/14/2017,OAI,Drugs,CDER,Drug Quality Assurance,No
1062778,3004475754,"CAO Medical Equipment Co., Ltd.",Langfang,China,CN,"No. 19 Baihe Street, Guangyang",07/20/2018,OAI,Drugs,CDER,Drug Quality Assurance,No
974559,3004483648,Resonance Laboratories Private Limited,Doddaballapur,India,IN,"8c Kiadb Industrial Area, & 9a",05/06/2016,OAI,Drugs,CDER,Drug Quality Assurance,No
1050153,3004497364,Centrient Pharmaceuticals India Private Limited,Nawashahr,India,IN,"Bhai Mohan Singh Nagar, Village Toansa, District Sbs Nagar",04/20/2018,OAI,Drugs,CDER,Drug Quality Assurance,No
1175790,3004497364,Centrient Pharmaceuticals India Private Limited,Nawashahr,India,IN,"Bhai Mohan Singh Nagar, Village Toansa, District Sbs Nagar",07/01/2022,OAI,Drugs,CDER,Drug Quality Assurance,No
1310126,3004497364,Centrient Pharmaceuticals India Private Limited,Nawashahr,India,IN,"Bhai Mohan Singh Nagar, Village Toansa, District Sbs Nagar",01/27/2026,OAI,Drugs,CDER,Drug Quality Assurance,No
1014833,3004506176,"Guangzhou Baiyunshan Pharmaceutical Co., Ltd.",Guangzhou,China,CN,"No. 52 Xiaogang Dama Road, Baiyun",05/25/2017,OAI,Drugs,CDER,Drug Quality Assurance,No
1099634,3004513714,Lake Chemicals Private Limited,Bangalore,India,IN,"21m, Attebele Industrial Area, Anekal Taluk",08/09/2019,OAI,Drugs,CDER,Drug Quality Assurance,No
1236771,3004513977,Micro Orgo Chem,Vapi,India,IN,"C-1/B, 57, Lic Sector, Gidc",04/18/2024,OAI,Drugs,CDER,Drug Quality Assurance,No
847817,3004540156,Wockhardt Limited,Aurangabad,India,IN,"Plot B - 15/2, Midc Area; Waluj",07/30/2013,OAI,Drugs,CDER,Drug Quality Assurance,No
915572,3004540156,Wockhardt Limited,Aurangabad,India,IN,"Plot B - 15/2, Midc Area; Waluj",02/13/2015,OAI,Drugs,CDER,Drug Quality Assurance,No
868592,3004544153,Sipra Labs Limited,Hyderabad,India,IN,"Adjacent To Post Office, 7 - 2 - 1813/5/A Industrial Estate",03/01/2014,OAI,Drugs,CDER,Drug Quality Assurance,No
676775,3004610460,Baxter Pharmaceuticals India Pvt Ltd,Ahmedabad,India,IN,"Village Vasana Chacharwadi, Taluka Sanand",06/16/2010,OAI,Drugs,CDER,Drug Quality Assurance,No
1028732,3004610460,Baxter Pharmaceuticals India Pvt Ltd,Ahmedabad,India,IN,"Village Vasana Chacharwadi, Taluka Sanand",08/04/2017,OAI,Drugs,CDER,Drug Quality Assurance,No
1195842,3004610460,Baxter Pharmaceuticals India Pvt Ltd,Ahmedabad,India,IN,"Village Vasana Chacharwadi, Taluka Sanand",01/27/2023,OAI,Drugs,CDER,Drug Quality Assurance,Yes
1082414,3004611182,Apitoria Pharma Private Limited,Srikakulam,India,IN,"Unit-IV, Sy.No's.52,53,58,59,61 to 78,127&128, Pydibhimavaram V &, Sy.No 1,2,4 to 9,11,29,30,31&32, Chittivalasa V, Ranasthalam Mandal",02/09/2019,OAI,Drugs,CDER,Drug Quality Assurance,No
1170118,3004672766,Glenmark Pharmaceuticals Limited,Colvale,India,IN,"Plot No S - 7, Colvale Industrial Estate",05/20/2022,OAI,Drugs,CDER,Drug Quality Assurance,Yes
631126,3004674350,"Nanjing Pharmaceutical Factory Co., Ltd.",Nanjing,China,CN,"9 Fang Shuilu, Liuhe",09/25/2009,OAI,Drugs,CDER,Drug Quality Assurance,No
1025809,3004674350,"Nanjing Pharmaceutical Factory Co., Ltd.",Nanjing,China,CN,"9 Fang Shuilu, Liuhe",09/15/2017,OAI,Drugs,CDER,Drug Quality Assurance,No
1249388,3004790309,Tyche Industries Ltd.,Kakinada,India,IN,6 - 223 Sarpavaram (V),08/16/2024,OAI,Drugs,CDER,Drug Quality Assurance,No
1014502,3004819810,"Zhengzhou Minzhong Pharmaceutical Co., Ltd.",Zhengzhou,China,CN,Intersection Of Sigangliandong Ave And Zhengshang Rd,05/11/2017,OAI,Drugs,CDER,Drug Quality Assurance,No
1049988,3004819810,"Zhengzhou Minzhong Pharmaceutical Co., Ltd.",Zhengzhou,China,CN,Intersection Of Sigangliandong Ave And Zhengshang Rd,04/23/2018,OAI,Drugs,CDER,Drug Quality Assurance,No
1078793,3004819820,Lupin Limited,Verna,India,IN,"1 - A Plot No 15 - B, Verna Industrial Estate Road; Phase",02/08/2019,OAI,Drugs,CDER,Drug Quality Assurance,No
1016658,3004859058,"Wuhan Chinese Moxibustion Technology Dev. Co., Ltd.",Wuhan,China,CN,"Miaoshan Pharmaceutical Industry Park, East Lake High-Tech; Dev. Zone",05/26/2017,OAI,Drugs,CDER,Drug Quality Assurance,No
1020544,3004881534,"Hubei Danao Pharmaceutical Co., Ltd.",Shiyan,China,CN,"Fandan Road, Danjiangkou",08/04/2017,OAI,Drugs,CDER,Drug Quality Assurance,No
733422,3004896339,Yag Mag Labs Private Limited,Medak District,India,IN,"Survey No. 10, Gaddapotharam Village, Jinnaram Mandal",07/02/2011,OAI,Drugs,CDER,Drug Quality Assurance,No
852355,3004896392,Smruthi Organics Limited,"Solapur District, Maharashtra",India,IN,"Plot No. A-27, MIDC, Chincholi",10/18/2013,OAI,Drugs,CDER,Drug Quality Assurance,No
1226930,3004939494,Micro Labs Limited,Bengaluru,India,IN,"Kiadb Plot 43 - 45, Anekal Taluk; Bommasandra Jigani Link Road",12/08/2023,OAI,Drugs,CDER,Drug Quality Assurance,No
893384,3004944629,Sandoz Private Limited,Navi Mumbai,India,IN,"Plot No. 8-A/2 And 8-B, Ttc Industrial Area, Kalwe Block, Village Dighe",08/29/2014,OAI,Drugs,CDER,Drug Quality Assurance,No
1246989,3004947391,Chemspec Chemicals Private Limited,Navi Mumbai,India,IN,"Plot No 3 - C, Taluka - Panvel",08/21/2024,OAI,Drugs,CDER,Drug Quality Assurance,No
1277373,3004947391,Chemspec Chemicals Private Limited,Navi Mumbai,India,IN,"Plot No 3 - C, Taluka - Panvel",08/01/2025,OAI,Drugs,CDER,Drug Quality Assurance,No
990177,3004982352,Vikshara Trading & Investment Ltd.,Ahmedabad,India,IN,"B/H Shyam Chemicals, Odhav Road",10/18/2016,OAI,Drugs,CDER,Drug Quality Assurance,No
659222,3004983128,Stericon Pharma Pvt. Ltd.,Bommasandra,India,IN,"Sub Layout Of Plot 9, No 9",03/17/2010,OAI,Drugs,CDER,Drug Quality Assurance,No
1181052,3005029956,Torrent Pharmaceuticals Limited,Indrad,India,IN,"Ahmedabad Mehsana Highway,Taluka-Kadi, Dist. Mehsana",09/28/2022,OAI,Drugs,CDER,Drug Quality Assurance,Yes
952677,3005048741,Srikem Laboratories Private Ltd.,Navi Mumbai,India,IN,"Plot No. 17/22, 17/23, 17/24 & 17/13, MIDC, Taloja, Tal. Panvel, Raigad",12/18/2015,OAI,Drugs,CDER,Drug Quality Assurance,No
1241633,3005048741,Srikem Laboratories Private Ltd.,Navi Mumbai,India,IN,"Plot No. 17/22, 17/23, 17/24 & 17/13, MIDC, Taloja, Tal. Panvel, Raigad",05/31/2024,OAI,Drugs,CDER,Drug Quality Assurance,No
984441,3005063169,Ausmetics Daily Chemicals (Guangzhou) Co. Ltd.,Guangzhou,China,CN,No. 1 Jinxiu Road,07/29/2016,OAI,Drugs,CDER,Drug Quality Assurance,No
1024477,3005115135,Malladi Drugs and Pharmaceuticals Ltd.,Vellore,India,IN,Plot 67 Sipcot Industrial Complex,09/08/2017,OAI,Drugs,CDER,Drug Quality Assurance,No
848918,3005124189,Indoco Remedies Limited,Verna,India,IN,L-32 33 34 Verna Industrial Estate Road,08/30/2013,OAI,Drugs,CDER,Drug Quality Assurance,No
991808,3005124189,Indoco Remedies Limited,Verna,India,IN,L-32 33 34 Verna Industrial Estate Road,09/04/2016,OAI,Drugs,CDER,Drug Quality Assurance,No
1199186,3005124189,Indoco Remedies Limited,Verna,India,IN,L-32 33 34 Verna Industrial Estate Road,02/28/2023,OAI,Drugs,CDER,Drug Quality Assurance,Yes
912371,3005151215,Emcure Pharmaceuticals Limited,Pune,India,IN,"Plot No. P-2, I.T.B.T. Park, Phase - II, MIDC, Hinjawadi",02/04/2015,OAI,Drugs,CDER,Drug Quality Assurance,Yes
1023101,3005151215,Emcure Pharmaceuticals Limited,Pune,India,IN,"Plot No. P-2, I.T.B.T. Park, Phase - II, MIDC, Hinjawadi",08/17/2017,OAI,Drugs,CDER,Drug Quality Assurance,No
1079858,3005151215,Emcure Pharmaceuticals Limited,Pune,India,IN,"Plot No. P-2, I.T.B.T. Park, Phase - II, MIDC, Hinjawadi",02/20/2019,OAI,Drugs,CDER,Drug Quality Assurance,Yes
872775,3005202703,Unimark Remedies Ltd.,Kerala,India,IN,337 Kerala Nalsarovar Road,03/21/2014,OAI,Drugs,CDER,Drug Quality Assurance,No
881668,3005210225,Micro Labs Limited,Verna,India,IN,"Plot No. S-155 to S-159 & N1, Phase III & Phase IV, Verna Industrial Estate",05/13/2014,OAI,Drugs,CDER,Drug Quality Assurance,No
1025422,3005216842,Alchymars ICM SM Private Limited,Alathur,India,IN,A - 14 & 20 Sidco Pharmaceutical Complex,09/15/2017,OAI,Drugs,CDER,Drug Quality Assurance,No
1069330,3005216842,Alchymars ICM SM Private Limited,Alathur,India,IN,A - 14 & 20 Sidco Pharmaceutical Complex,10/19/2018,OAI,Drugs,CDER,Drug Quality Assurance,No
1298168,3005216842,Alchymars ICM SM Private Limited,Alathur,India,IN,A - 14 & 20 Sidco Pharmaceutical Complex,12/04/2025,OAI,Drugs,CDER,Drug Quality Assurance,No
1209017,3005269310,Rxhomeo Private Limited,Hyderabad,India,IN,4-1-424-426 Bank Street,05/19/2023,OAI,Drugs,CDER,Drug Quality Assurance,No
913677,3005280525,Sri Krishna Pharmaceuticals Limited,Hyderabad,India,IN,"Unit Ii, Plot No:A-34,A-35, Ida Nacharam, Uppal (M), Medchal-Malkajgiri District",12/04/2014,OAI,Drugs,CDER,Drug Quality Assurance,No
1206168,3005280525,Sri Krishna Pharmaceuticals Limited,Hyderabad,India,IN,"Unit Ii, Plot No:A-34,A-35, Ida Nacharam, Uppal (M), Medchal-Malkajgiri District",05/19/2023,OAI,Drugs,CDER,Drug Quality Assurance,Yes
1273929,3005280525,Sri Krishna Pharmaceuticals Limited,Hyderabad,India,IN,"Unit Ii, Plot No:A-34,A-35, Ida Nacharam, Uppal (M), Medchal-Malkajgiri District",06/27/2025,OAI,Drugs,CDER,Drug Quality Assurance,Yes
825671,3005289335,Wockhardt Limited,Aurangabad,India,IN,"H - 14/2 Midc Area, Waluj",03/22/2013,OAI,Drugs,CDER,Drug Quality Assurance,No
932595,3005289335,Wockhardt Limited,Aurangabad,India,IN,"H - 14/2 Midc Area, Waluj",05/26/2015,OAI,Drugs,CDER,Drug Quality Assurance,No
604345,3005333852,"Kunshan Oriental Pharmaceutical Co., Ltd.",Suzhou,China,CN,"No. 58 Kuntai Road, Kunshan",07/28/2009,OAI,Drugs,CDER,Drug Quality Assurance,No
925955,3005333884,Suchem Laboratories,Ahmedabad,India,IN,"Plot No. 10/13, Phase-I, Gidc, Vatva",04/20/2015,OAI,Drugs,CDER,Drug Quality Assurance,No
1101210,3005339091,Windlas Healthcare Private Limited,Dehradun,India,IN,Plot No 183 & 192 Mohabewala Industrial,08/30/2019,OAI,Drugs,CDER,Drug Quality Assurance,No
855547,3005409363,Sun Pharmaceutical Industries Limited - Karkhadi,Padra,India,IN,"A Plot No 817, Village Karkhadi",11/16/2013,OAI,Drugs,CDER,Drug Quality Assurance,Yes
921492,3005447965,Dr. Reddy's Laboratories Limited,Nalgonda,India,IN,"Chaitnya Nagar, Miryalguda, Nalgond, Tripuraram Mandal; Road No 3",01/31/2015,OAI,Drugs,CDER,Drug Quality Assurance,No
868946,3005466325,Apotex Pharmachem India Pvt Ltd.,Bangalore,India,IN,"Plot 1a Bommasandra Industrial Area 4th Phase, Jigani Link Road, Bommasandra Ind. Estate",01/31/2014,OAI,Drugs,CDER,Drug Quality Assurance,No
1208304,3005508230,Astral SteriTech Private Ltd.,Vadodara,India,IN,911 G I D C Makarpura,06/20/2023,OAI,Drugs,CDER,Drug Quality Assurance,No
1250004,3005543486,"Huangshi Hygienic Material Medicine Co., Ltd.",Huang Shi,China,CN,"386 Shenxia Road, Tuanchengshan District",08/30/2024,OAI,Drugs,CDER,Drug Quality Assurance,No
1149609,3005564386,Indiana Chem-Port,Vadodara,India,IN,349 Gidc Estate,08/07/2021,OAI,Drugs,CDER,Drug Quality Assurance,No
1002329,3005587213,Changzhou Jintan Qianyao Pharmaceutical Raw Materials,Jintan,China,CN,"No. 678 Zhuangcheng, Chengzhou",02/17/2017,OAI,Drugs,CDER,Drug Quality Assurance,No
986244,3005587313,Mylan Laboratories Limited,Nashik,India,IN,"(FDF-1), F-4 and F-12, Malegaon MIDC, Sinnar, Nasik District",09/14/2016,OAI,Drugs,CDER,Drug Quality Assurance,Yes
966094,3005597807,"Jiangxi Yuneng Pharmaceutical Co., Ltd.",Jian,China,CN,Jinggangshan Economic & Technology Development Zone,03/21/2016,OAI,Drugs,CDER,Drug Quality Assurance,No
1087127,3005619485,"Jiangsu NHWA Pharmaceutical Co., Ltd.",Xuzhou,China,CN,"Industrial Park, No. 6 Tianyong Road; Jiawang District",04/05/2019,OAI,Drugs,CDER,Drug Quality Assurance,No
940034,3005652193,OneSource Specialty Pharma Limited,Bengaluru,India,IN,"Beta Lactam Division, Doresanipalya, 152/6 & 154/16, Bannerghatta Road",09/01/2015,OAI,Drugs,CDER,Drug Quality Assurance,No
867352,3005656140,Ceph Lifesciences Private Limited,Mohali,India,IN,"Unit 2 Village Saidpura, DeraBassi, Dist. Mohali",01/24/2014,OAI,Drugs,CDER,Drug Quality Assurance,No
1028830,3005660579,Beijing Rimeng Biological Technology Co. Ltd.,Beijing,China,CN,"No. 6a Tielunan, Daxing",10/11/2017,OAI,Drugs,CDER,Drug Quality Assurance,No
773934,3005676766,"Taizhou Kanglin Health Protection Products Co., Ltd.",Taizhou,China,CN,"The West Of Qiliqiao, Hailing District",02/24/2012,OAI,Drugs,CDER,Drug Quality Assurance,No
929021,3005694111,Megafine Pharma (P) Limited,Nashik,India,IN,"Plot No 1 to 5, 31-35 & 48-51, 26 & K/201 Lakhmapur, Tal. Dindori",05/15/2015,OAI,Drugs,CDER,Drug Quality Assurance,No
1054711,3005694111,Megafine Pharma (P) Limited,Nashik,India,IN,"Plot No 1 to 5, 31-35 & 48-51, 26 & K/201 Lakhmapur, Tal. Dindori",05/12/2018,OAI,Drugs,CDER,Drug Quality Assurance,No
1122874,3005694111,Megafine Pharma (P) Limited,Nashik,India,IN,"Plot No 1 to 5, 31-35 & 48-51, 26 & K/201 Lakhmapur, Tal. Dindori",03/06/2020,OAI,Drugs,CDER,Drug Quality Assurance,No
1227210,3005698871,Landy International,Xia Men,China,CN,"No. 192 Tianfeng Road, Ji Mei District",12/14/2023,OAI,Drugs,CDER,Drug Quality Assurance,Yes
1030588,3005742706,"Lijiang Yinghua Biochemical and Pharmaceutical Co., Ltd.",Lijiang,China,CN,"Industrial Park, Nankou",10/20/2017,OAI,Drugs,CDER,Drug Quality Assurance,No
1172425,3005757050,Glenmark Pharmaceuticals Limited,Solan,India,IN,"Village Kishanpura, Baddi Nalagarh Road, Baddi",06/22/2022,OAI,Drugs,CDER,Drug Quality Assurance,Yes
1281036,3005890633,Intas Pharmaceuticals Ltd.,Selaqui,India,IN,Camp Road,09/16/2025,OAI,Drugs,CDER,Drug Quality Assurance,No
909724,3005977675,Ipca Laboratories Limited,Silvassa,India,IN,"Plot No. 65, 99 and 126, Danudyog Industrial Estate, Piparia",12/19/2014,OAI,Drugs,CDER,Drug Quality Assurance,No
1100388,3005977675,Ipca Laboratories Limited,Silvassa,India,IN,"Plot No. 65, 99 and 126, Danudyog Industrial Estate, Piparia",08/23/2019,OAI,Drugs,CDER,Drug Quality Assurance,Yes
1225621,3006010954,Guangzhou Baiyunshan Jingxiutang Pharmaceutical Co. Ltd.,Foshan,China,CN,"No. 249 Poyang Road, Nanhai",12/08/2023,OAI,Drugs,CDER,Drug Quality Assurance,No
956110,3006016750,"Taizhou Xinyou Pharmaceutical & Chemical Co., Ltd.",Taizhou,China,CN,"Jiaojiang District, 258 Waisha Industrial Zone",01/19/2016,OAI,Drugs,CDER,Drug Quality Assurance,No
886801,3006076314,Apotex Research Private Limited,Bengaluru,India,IN,"Plot No.1 And 2, Bommasandra Industrial Area, 4th Phase, Jigani Link Rd",07/01/2014,OAI,Drugs,CDER,Drug Quality Assurance,Yes
1049613,3006102089,Longbow First Aid Products Manufactory,Foshan,China,CN,"Hantian Industrial Park, Building F/2, A3 Guiping Road",04/20/2018,OAI,Drugs,CDER,Drug Quality Assurance,No
877574,3006143547,Zhejiang Qianfei Enterprise Co. Ltd.,Jinhua,China,CN,"No 173 Wulian Road, Yiwu",04/17/2014,OAI,Drugs,CDER,Drug Quality Assurance,No
1260194,3006192929,Shiva Analyticals (India) Pvt. Ltd.,Hoskote Bangaluru,India,IN,Plot 24d [P] & 34d Kiadb Industrial Area,01/24/2025,OAI,Drugs,CDER,Drug Quality Assurance,Yes
927828,3006210232,Fresenius Kabi Oncology Limited,Baddi,India,IN,"Tehsil Nalagarh, Nalagarh Baddi Road",05/22/2015,OAI,Drugs,CDER,Drug Quality Assurance,Yes
1010068,3006210232,Fresenius Kabi Oncology Limited,Baddi,India,IN,"Tehsil Nalagarh, Nalagarh Baddi Road",04/14/2017,OAI,Drugs,CDER,Drug Quality Assurance,No
1220476,3006210232,Fresenius Kabi Oncology Limited,Baddi,India,IN,"Tehsil Nalagarh, Nalagarh Baddi Road",10/10/2023,OAI,Drugs,CDER,Drug Quality Assurance,Yes
1028368,3006213806,"Nox Bellcow Cosmetics Co., Ltd.",Zhongshan,China,CN,"No.50 Dongfu North Road, Nantou Town",09/22/2017,OAI,Drugs,CDER,Drug Quality Assurance,No
1014705,3006217304,Contacare Ophthalmics & Diagnostics,Dabhasa,India,IN,"310b Village Sim, Block No",04/04/2017,OAI,Drugs,CDER,Drug Quality Assurance,Yes
1070443,3006217304,Contacare Ophthalmics & Diagnostics,Dabhasa,India,IN,"310b Village Sim, Block No",11/01/2018,OAI,Drugs,CDER,Drug Quality Assurance,Yes
959937,3006254924,CTX Lifesciences Private Ltd.,Surat,India,IN,"251 - 252 Plot, Sachin Magdalla Highway",02/19/2016,OAI,Drugs,CDER,Drug Quality Assurance,No
855534,3006257565,Amanta Healthcare  Ltd.,Kheda,India,IN,"N Plot No 876, H-8",11/01/2013,OAI,Drugs,CDER,Drug Quality Assurance,No
1235782,3006283468,"Tianjin Darentang Jingwanhong Pharmaceutical Co., Ltd.",Tianjin,China,CN,"No. 20 Daming Street, Xiqing",03/22/2024,OAI,Drugs,CDER,Drug Quality Assurance,No
773117,3006323887,Nantong Strip Medical Supply Co Ltd,Nantong,China,CN,"Building A, 182 Yuelong South Rd",02/16/2012,OAI,Drugs,CDER,Drug Quality Assurance,No
992265,3006362781,"Gauke Healthcare Co., Ltd.",Huanggang,China,CN,"82 Tuanfeng Avenue, Tuanfeng County",11/15/2016,OAI,Drugs,CDER,Drug Quality Assurance,No
1013402,3006370331,Kim Chemicals Private Ltd.,"Taloja, Raigad",India,IN,"Plot No. G-13/16, Midc, Taloja",06/09/2017,OAI,Drugs,CDER,Drug Quality Assurance,Yes
1081175,3006370489,Apitoria Pharma Private Limited,Sangareddy,India,IN,"Unit-Iii; Survey No.:374 Gundla Machnur Village, Hathnoora Mandal",02/02/2019,OAI,Drugs,CDER,Drug Quality Assurance,No
748707,3006403682,"Jianerkang Medical Co., Ltd",Changzhou,China,CN,"No. 1 Jianerkang Road, Zhixizhen Jintan",09/19/2011,OAI,Drugs,CDER,Drug Quality Assurance,No
806368,3006418686,Aarti Drugs Limited,Palghar,India,IN,"Plot No. E-22, M.I.D.C., Tarapur",11/02/2012,OAI,Drugs,CDER,Drug Quality Assurance,No
895001,3006418686,Aarti Drugs Limited,Palghar,India,IN,"Plot No. E-22, M.I.D.C., Tarapur",08/09/2014,OAI,Drugs,CDER,Drug Quality Assurance,No
1038511,3006418686,Aarti Drugs Limited,Palghar,India,IN,"Plot No. E-22, M.I.D.C., Tarapur",12/08/2017,OAI,Drugs,CDER,Drug Quality Assurance,No
1028877,3006460758,"Zhejiang Ludao Technology Co., Ltd.",Taizhou,China,CN,"No. 5 Industry Road, Hairun Street, Sanmen Country",08/18/2017,OAI,Drugs,CDER,Drug Quality Assurance,No
949776,3006512913,Beyond Technology Corporation Nanchang,Nanchang,China,CN,"NO 162 Kejidadao, Qingshanhu",11/11/2015,OAI,Drugs,CDER,Drug Quality Assurance,Yes
1046483,3006528506,"Hangzhou Karic Commodities Co., Ltd.",Hangzhou,China,CN,"West Lake Science And, No 2 Fifth Avenue",03/29/2018,OAI,Drugs,CDER,Drug Quality Assurance,No
929653,3006531950,Zhuhai United Laboratories Co. Ltd.,Zhuhai,China,CN,"Anji Road, No. 2428 Jinwan Avenue; Sanzaozhen Jinwan",03/31/2015,OAI,Drugs,CDER,Drug Quality Assurance,No
1029448,3006531950,Zhuhai United Laboratories Co. Ltd.,Zhuhai,China,CN,"Anji Road, No. 2428 Jinwan Avenue; Sanzaozhen Jinwan",09/15/2017,OAI,Drugs,CDER,Drug Quality Assurance,No
1098866,3006531950,Zhuhai United Laboratories Co. Ltd.,Zhuhai,China,CN,"Anji Road, No. 2428 Jinwan Avenue; Sanzaozhen Jinwan",07/16/2019,OAI,Drugs,CDER,Drug Quality Assurance,No
1215530,3006531950,Zhuhai United Laboratories Co. Ltd.,Zhuhai,China,CN,"Anji Road, No. 2428 Jinwan Avenue; Sanzaozhen Jinwan",08/03/2023,OAI,Drugs,CDER,Drug Quality Assurance,No
917614,3006549835,Dr. Reddy's Laboratories Ltd.,Visakhapatnam,India,IN,"P1 To P9 & Q1 To Q5, Phase - Iii, Vsez, Duvvada",03/06/2015,OAI,Drugs,CDER,Drug Quality Assurance,No
1005630,3006549835,Dr. Reddy's Laboratories Ltd.,Visakhapatnam,India,IN,"P1 To P9 & Q1 To Q5, Phase - Iii, Vsez, Duvvada",03/08/2017,OAI,Drugs,CDER,Drug Quality Assurance,No
961769,3006560479,Chongqing Lummy Pharmaceutical Co. Ltd.,Chongqing,China,CN,"Economic And Technological, No. 2 The 4th Branch Rd, Huaanan Road; Changshou Jingjijizhukaifa Changshou",03/17/2016,OAI,Drugs,CDER,Drug Quality Assurance,No
1053348,3006585888,Ruby Hall Clinic Ser. Private Limited,Pune,India,IN,"E4 - C To E4 - F, 4th Floor; Fifth Ave Condominium",03/30/2018,OAI,Drugs,CDER,Bioresearch Monitoring,No
946429,3006594435,Concept Products Limited,Xiqing,China,CN,"33 The Third Branch Saida Road, Development Areaeconomic",08/05/2015,OAI,Drugs,CDER,Drug Quality Assurance,No
906809,3006595385,Zydus Lifesciences Limited,Ahmedabad,India,IN,"Blocks 265,266,267, Opp. Laxminarayan Petrol Pump, Sarkhej-Bavla National Highway",12/06/2014,OAI,Drugs,CDER,Drug Quality Assurance,No
888626,3006643956,Hainan Hailing Chemipharma Corporation Limited,Haikou,China,CN,281 Nanhai Avenue,01/30/2014,OAI,Drugs,CDER,Drug Quality Assurance,No
946128,3006643956,Hainan Hailing Chemipharma Corporation Limited,Haikou,China,CN,281 Nanhai Avenue,09/18/2015,OAI,Drugs,CDER,Drug Quality Assurance,No
1039323,3006644152,Indoco Remedies Limited (Plant I),Verna,India,IN,"Goa Plant-I, L-14, Verna Industrial Area, Verna",01/19/2018,OAI,Drugs,CDER,Drug Quality Assurance,Yes
988000,3006688078,Megafine Pharma (P) Limited,Vapi,India,IN,911 & 912 Phase Iii Gidc,09/23/2016,OAI,Drugs,CDER,Drug Quality Assurance,No
1058583,3006688078,Megafine Pharma (P) Limited,Vapi,India,IN,911 & 912 Phase Iii Gidc,06/15/2018,OAI,Drugs,CDER,Drug Quality Assurance,No
1121027,3006688078,Megafine Pharma (P) Limited,Vapi,India,IN,911 & 912 Phase Iii Gidc,02/21/2020,OAI,Drugs,CDER,Drug Quality Assurance,No
630768,3006745882,Qingdao Jiulong Biopharmaceutical Co. Ltd.,Qingdao,China,CN,"Jiulong Industrial Park, Jiulongzhen Xiaozhou",11/23/2009,OAI,Drugs,CDER,Drug Quality Assurance,No
973223,3006795842,"Baoying County Fukang Medical Appliance Co., Ltd.",Yangzhou,China,CN,"Guangyang Road, Huangcheng Town Industry Area, Baoying",06/09/2016,OAI,Drugs,CDER,Drug Quality Assurance,No
1006680,3006851654,"Wuxi Medical lnstrument Factory Co., Ltd.",Wuxi,China,CN,"D,Zhangjing, Xibei, No. 43 Xixin Road; Xibeizhen Xishan District",03/10/2017,OAI,Drugs,CDER,Drug Quality Assurance,No
1255920,3006851654,"Wuxi Medical lnstrument Factory Co., Ltd.",Wuxi,China,CN,"D,Zhangjing, Xibei, No. 43 Xixin Road; Xibeizhen Xishan District",11/15/2024,OAI,Drugs,CDER,Drug Quality Assurance,No
926398,3006895951,"Shanghai Desano Chemical Pharmaceutical Co., Ltd.",Pudong District,China,CN,"No. 417 Binhai Road, Laogang Town",05/07/2015,OAI,Drugs,CDER,Drug Quality Assurance,No
1112459,3006895982,Jubilant Generics Limited,Roorkee,India,IN,"Village Sikandarpur Bhainswal, Roorkee- Dehradun Highway, Bhagwanpur, Distt. Haridwar",11/06/2019,OAI,Drugs,CDER,Drug Quality Assurance,Yes
1137148,3006895982,Jubilant Generics Limited,Roorkee,India,IN,"Village Sikandarpur Bhainswal, Roorkee- Dehradun Highway, Bhagwanpur, Distt. Haridwar",03/12/2021,OAI,Drugs,CDER,Drug Quality Assurance,No
1175958,3006895982,Jubilant Generics Limited,Roorkee,India,IN,"Village Sikandarpur Bhainswal, Roorkee- Dehradun Highway, Bhagwanpur, Distt. Haridwar",08/01/2022,OAI,Drugs,CDER,Drug Quality Assurance,Yes
927248,3006986091,"Tai Heng Industry Co., Ltd.",Shanghai,China,CN,"Shanghai Juke Biotech Park, 2715 Longwu Road",05/11/2015,OAI,Drugs,CDER,Drug Quality Assurance,No
1272272,3007016503,Seema International,New Delhi,India,IN,"Bt-3/211, Phase 1, Mangolpuri Industrial Area",05/21/2025,OAI,Drugs,CDER,Drug Quality Assurance,No
886613,3007021905,Cipla Limited,Mumbai,India,IN,"Lal Bahadur Shastri Marg, Chandan Nagar, Vikhroli West",06/25/2014,OAI,Drugs,CDER,Bioresearch Monitoring,Yes
980985,3007028032,"Zhejiang Bangli Medical Products Co., Ltd",Yongkang,China,CN,"Huachuan Block, Zhengjia Village, 118 South Of Yuegui Road; Xiangzhu Town",08/17/2016,OAI,Drugs,CDER,Drug Quality Assurance,No
778478,3007084136,"Ningbo Unichem Bio Technology Co., Ltd.",Ningbo,China,CN,"No.27, Jiushufang South Road, Luotuo Subdistrict, Zhenhai District",03/02/2012,OAI,Drugs,CDER,Drug Quality Assurance,No
861278,3007084136,"Ningbo Unichem Bio Technology Co., Ltd.",Ningbo,China,CN,"No.27, Jiushufang South Road, Luotuo Subdistrict, Zhenhai District",12/06/2013,OAI,Drugs,CDER,Drug Quality Assurance,No
1051233,3007124044,Tata Memorial Centre,Navi Mumbai,India,IN,"Sector 22, Utsav Chowk-Cisf Road, Kharaghar",03/23/2018,OAI,Drugs,CDER,Bioresearch Monitoring,No
1172929,3007187282,Panacea Biotec Pharma Limited,Malpur,India,IN,Pharma Block,06/08/2022,OAI,Drugs,CDER,Drug Quality Assurance,No
1220156,3007187282,Panacea Biotec Pharma Limited,Malpur,India,IN,Pharma Block,10/12/2023,OAI,Drugs,CDER,Drug Quality Assurance,Yes
830428,3007197995,Shilpa Pharma Lifesciences Limited,"Chicksugur, Raichur",India,IN,"Unit 2, Plot No.33,33A & 40 to 47, Raichur Industrial Growth Centre",05/03/2013,OAI,Drugs,CDER,Drug Quality Assurance,No
1112352,3007240297,Synchron Research Services Pvt. Ltd.,Ahmedabad,India,IN,"2nd Floor, Swagat Plaza Ii; Ambli Bopal Road",11/22/2019,OAI,Drugs,CDER,Bioresearch Monitoring,No
1211275,3007267856,Raptim Research Pvt. Ltd.,Navi Mumbai,India,IN,A - 239/A - 242,04/28/2023,OAI,Drugs,CDER,Bioresearch Monitoring,No
922739,3007287078,Polydrug Laboratories Pvt. Ltd.,Mumbai,India,IN,"Plot N37, Ambernath Industrial Area, Anand Nagar Midc",03/23/2015,OAI,Drugs,CDER,Drug Quality Assurance,No
566767,3007293049,"Qing Ming Yang, MD - Rui Jin Hospital Shanghai Second",Shanghai,China,CN,"Shanghai Rui Jin Hospital No.197, Ruijin Second Road",02/13/2009,OAI,Drugs,CDER,Bioresearch Monitoring,Yes
1101329,3007317099,Madhu Instruments Private Limited,New Delhi,India,IN,A - 260 Okhla Industrial Area Phase 1'St Road,08/16/2019,OAI,Drugs,CDER,Drug Quality Assurance,No
1182165,3007317099,Madhu Instruments Private Limited,New Delhi,India,IN,A - 260 Okhla Industrial Area Phase 1'St Road,10/21/2022,OAI,Drugs,CDER,Drug Quality Assurance,No
1229376,3007373503,"Jiangsu Hengrui Pharmaceuticals Co., Ltd. (Huanghe Road Site)",Lianyungang,China,CN,"38 Huanghe Road, Economic & Technological Development Zone",01/16/2024,OAI,Drugs,CDER,Drug Quality Assurance,No
1105823,3007373532,Aurobindo Pharma Limited,"Jedcherla Mandal, Mahabubnagar",India,IN,"Unit-Vii, Sy No. 411/P, 425/P, 434/P, 435/P & 458/P, Plot S1 Part Sez, Tsiic, Green Industrial Park, Polepally",09/27/2019,OAI,Drugs,CDER,Drug Quality Assurance,No
1119534,3007379141,Synchron Research Services Pvt. Ltd.,Ahmedabad,India,IN,"Synchron House, Behind Mondeal Park, Near Gurudwara, S.G. Highway",11/22/2019,OAI,Drugs,CDER,Bioresearch Monitoring,No
1061011,3007450508,Anicare Pharmaceuticals Pvt Ltd.,Navi Mumbai,India,IN,"Plot No. A-143 / 5 & 6, Ttc Ind. Area, Khairne M.I.D.C, Thane-Belapur Rd, Behind Midc Fire Station",08/03/2018,OAI,Drugs,CDER,Drug Quality Assurance,Yes
1195342,3007450508,Anicare Pharmaceuticals Pvt Ltd.,Navi Mumbai,India,IN,"Plot No. A-143 / 5 & 6, Ttc Ind. Area, Khairne M.I.D.C, Thane-Belapur Rd, Behind Midc Fire Station",01/20/2023,OAI,Drugs,CDER,Drug Quality Assurance,Yes
1008366,3007474872,Vital Laboratories Pvt Ltd Plant II,Vapi,India,IN,"Plot 1710 & A1 2208, Phase III GIDC",04/06/2017,OAI,Drugs,CDER,Drug Quality Assurance,No
1067722,3007474872,Vital Laboratories Pvt Ltd Plant II,Vapi,India,IN,"Plot 1710 & A1 2208, Phase III GIDC",09/01/2018,OAI,Drugs,CDER,Drug Quality Assurance,No
1265022,3007498452,"Hangzhou Minsheng Binjiang Pharmaceutical Co., Ltd.",Hangzhou,China,CN,"658 Bin'An Road, Binjiang District",03/07/2025,OAI,Drugs,CDER,Drug Quality Assurance,No
914111,3007512701,Mylan Laboratories Limited,"Anekal Taluk, Bangalore",India,IN,"(Otl) Plot 284-B Bommasandra-Jigani Link Road, Industrial Area",02/13/2015,OAI,Drugs,CDER,Drug Quality Assurance,No
1032020,3007517881,Macleods Pharmaceuticals Limited,"Tehsil Baddi, District Solan",India,IN,"Village Theda, Post Office Lodhimajra",11/24/2017,OAI,Drugs,CDER,Drug Quality Assurance,Yes
1157334,3007517881,Macleods Pharmaceuticals Limited,"Tehsil Baddi, District Solan",India,IN,"Village Theda, Post Office Lodhimajra",11/01/2021,OAI,Drugs,CDER,Drug Quality Assurance,No
826742,3007527278,"Shanghai Life-Beauty Cosmetics Co., Ltd.",Shanghai,China,CN,"NO 2000 Fengxianglu, Baoshan",03/22/2013,OAI,Drugs,CDER,Drug Quality Assurance,No
1098883,3007544618,"Guangzhou Tinci Materials Technology Co., Ltd.",Guangzhou,China,CN,"Yunpu Industrial Zone, 8th Kangda Road; Huangpu District",08/02/2019,OAI,Drugs,CDER,Drug Quality Assurance,No
911036,3007549629,Lupin Limited,Pithampur,India,IN,"Unit-2, Plot No. M-2 and M-2-A, Special Economic Zone Phase II, Misc. Zone, Apparel Park, Dist. Dhar",01/23/2015,OAI,Drugs,CDER,Drug Quality Assurance,No
1012540,3007549629,Lupin Limited,Pithampur,India,IN,"Unit-2, Plot No. M-2 and M-2-A, Special Economic Zone Phase II, Misc. Zone, Apparel Park, Dist. Dhar",05/19/2017,OAI,Drugs,CDER,Drug Quality Assurance,No
1079307,3007549629,Lupin Limited,Pithampur,India,IN,"Unit-2, Plot No. M-2 and M-2-A, Special Economic Zone Phase II, Misc. Zone, Apparel Park, Dist. Dhar",01/25/2019,OAI,Drugs,CDER,Drug Quality Assurance,Yes
1275446,3007549629,Lupin Limited,Pithampur,India,IN,"Unit-2, Plot No. M-2 and M-2-A, Special Economic Zone Phase II, Misc. Zone, Apparel Park, Dist. Dhar",07/17/2025,OAI,Drugs,CDER,Drug Quality Assurance,Yes
900439,3007574780,Ipca Laboratories Limited,Dhar,India,IN,"1 Pharma Zone, Sez Indore, Pithampur",10/17/2014,OAI,Drugs,CDER,Drug Quality Assurance,No
1234298,3007621329,Zydus Lifesciences Limited,Matoda,India,IN,"Plot 1a, 8a Pharmez Special Economic Zone; Sarkhej-Bavla N H No",03/27/2024,OAI,Drugs,CDER,Drug Quality Assurance,Yes
1096084,3007628845,"Huaian Zongheng Bio-Tech Co., Ltd",Huaian,China,CN,No. 615 North Xiangyu Road,07/05/2019,OAI,Drugs,CDER,Drug Quality Assurance,Yes
839012,3007648351,Mylan Laboratories Limited,Bengaluru,India,IN,"Specialty Formulation Facility, Plot No: 284B/1, 289-292 Bommasandra-Jigani Link Road, Ind. Area, Anekal Taluk",06/27/2013,OAI,Drugs,CDER,Drug Quality Assurance,No
912541,3007648351,Mylan Laboratories Limited,Bengaluru,India,IN,"Specialty Formulation Facility, Plot No: 284B/1, 289-292 Bommasandra-Jigani Link Road, Ind. Area, Anekal Taluk",10/03/2014,OAI,Drugs,CDER,Drug Quality Assurance,No
918008,3007719313,"Zhejiang Hisun Pharmaceutical Co., Ltd.",Taizhou,China,CN,"46 Waisha Rd., Jiaojiang District",03/07/2015,OAI,Drugs,CDER,Drug Quality Assurance,No
999962,3007720135,Mylan Laboratories Limited,Hyderabad,India,IN,"R & D Center, Plot No 34-A, ANRICH Industrial Estate, Bollaram, Jinnaram Mandal; Sangareddy District",02/01/2017,OAI,Drugs,CDER,Drug Quality Assurance,No
945450,3007721552,"Sunshine Lake Pharma Co., Ltd",Dongguan,China,CN,"Northern Industry Road #1, Song Shan Lake",09/25/2015,OAI,Drugs,CDER,Drug Quality Assurance,No
723610,3007925588,"Zhejiang Casing Animal By-Products Co.,Ltd.",Hangzhou,China,CN,"Tonglu Economic, 369 Dongxing Road; Tongluxian",11/04/2010,OAI,Drugs,CDER,Drug Quality Assurance,No
1012855,3007931994,Fleming Laboratories Limited,Medak district,India,IN,"Survey No 270; Nawabpet Village, Shivampet Mandal",05/16/2017,OAI,Drugs,CDER,Drug Quality Assurance,No
969723,3008077936,"Cixi Zhixin Bird Clean-Care Product Co., Ltd.",Ningbo,China,CN,"Zhangqi Industrial Park, No. 137 Balilu",05/06/2016,OAI,Drugs,CDER,Drug Quality Assurance,No
941336,3008117347,Unimark Remedies Limited,Ahmedabad,India,IN,"300, Kerala Nalsarovar Road, Village: Kerala, Tal: Bavla",08/14/2015,OAI,Drugs,CDER,Drug Quality Assurance,No
1012248,3008221060,"Fuan Pharmaceutical Group Chongqing Bosen Pharma. Co., LTD",Zhongqing,China,CN,"NO. 1 Huanan Rd, Changshou",05/12/2017,OAI,Drugs,CDER,Drug Quality Assurance,No
1050879,3008229416,"Hangzhou Zhongbo Industrial Co., Ltd.",Hangzhou,China,CN,"Yuhang District, Changle Industrial Zone",04/27/2018,OAI,Drugs,CDER,Drug Quality Assurance,No
828511,3008250236,Sentiss Pharma Private Ltd.,District Solan,India,IN,"Village Khera Nihla, Tehsil Nalargarh",04/03/2013,OAI,Drugs,CDER,Drug Quality Assurance,No
890528,3008250236,Sentiss Pharma Private Ltd.,District Solan,India,IN,"Village Khera Nihla, Tehsil Nalargarh",07/29/2014,OAI,Drugs,CDER,Drug Quality Assurance,Yes
1015447,3008250236,Sentiss Pharma Private Ltd.,District Solan,India,IN,"Village Khera Nihla, Tehsil Nalargarh",05/23/2017,OAI,Drugs,CDER,Drug Quality Assurance,Yes
1092166,3008250236,Sentiss Pharma Private Ltd.,District Solan,India,IN,"Village Khera Nihla, Tehsil Nalargarh",05/14/2019,OAI,Drugs,CDER,Drug Quality Assurance,Yes
772959,3008254880,"Fercy Personal Care Products Co., Ltd",Jinhua,China,CN,"An'Wen Industrial, Lane 299 Cangsong Road; Zone Pan County",03/06/2012,OAI,Drugs,CDER,Drug Quality Assurance,No
983628,3008256667,"Tianjin Tianyao Pharmaceuticals Co., Ltd.",Tianjin Economic-Technological,China,CN,"West Area, No. 19 Xinye 9th Street; Development Area",09/02/2016,OAI,Drugs,CDER,Drug Quality Assurance,No
946143,3008259785,Xinxiang Tuoxin Pharmaceutical Co. Ltd,Xinxiang,China,CN,"Xinxiang Advanced, 398 Jingquan West Road; Technology District",09/18/2015,OAI,Drugs,CDER,Drug Quality Assurance,No
1095514,3008259785,Xinxiang Tuoxin Pharmaceutical Co. Ltd,Xinxiang,China,CN,"Xinxiang Advanced, 398 Jingquan West Road; Technology District",06/06/2019,OAI,Drugs,CDER,Drug Quality Assurance,No
1155762,3008259785,Xinxiang Tuoxin Pharmaceutical Co. Ltd,Xinxiang,China,CN,"Xinxiang Advanced, 398 Jingquan West Road; Technology District",10/22/2021,OAI,Drugs,CDER,Drug Quality Assurance,No
999209,3008294355,Hetero Labs Ltd. Unit VI,Mahaboob Nagar,India,IN,"Sy. No. Part Of 410, 411, Tsiic, Pharma Sez, Pollepally (V), Jadcherla (M)",11/15/2016,OAI,Drugs,CDER,Drug Quality Assurance,No
659417,3008299032,Choksi Laboratory,"Panchkula, Haryana",India,IN,"Plot 362, Industrial Area, Phase Ii",04/24/2010,OAI,Drugs,CDER,Drug Quality Assurance,No
995278,3008307735,Hetero Labs Limited (Unit V),Mahabubnagar,India,IN,"Unit V, Sy. No.: 439,440,441&458, Tsiic Formulation Sez, Polepally Village",12/16/2016,OAI,Drugs,CDER,Drug Quality Assurance,No
1096441,3008311641,GPT Pharmaceuticals Private Ltd,Hyderabad,India,IN,"Plot 6/3, Road No 11 I.D.A Nacharam",06/28/2019,OAI,Drugs,CDER,Drug Quality Assurance,No
808945,3008314161,RPG Life Sciences Limited,"Ankleshwar, Bharuch",India,IN,"Plot No. 3102/A, GIDC Industrial Estate",11/24/2012,OAI,Drugs,CDER,Drug Quality Assurance,No
1106244,3008316085,Pfizer Healthcare India Private Limited,Visakhapatnam,India,IN,"Plots 116-117-118-119-111-123(Part), Jawaharlal Nehru Pharma City - Sez, Parawada",09/06/2019,OAI,Drugs,CDER,Drug Quality Assurance,No
1315768,3008316144,"Jiangsu Hansoh Pharmaceutical Group Co., Ltd",Lianyungang,China,CN,"Economic & Technical, 5 Dongjin Road; Dev. Zone",04/24/2026,OAI,Drugs,CDER,Drug Quality Assurance,No
1095073,3008350682,"Ningbo BST Clean and Care Products Co., Ltd",Ningbo,China,CN,"Xiwu, Xining Road; Fenghua Economic Development Zone",06/14/2019,OAI,Drugs,CDER,Drug Quality Assurance,No
1227212,3008384335,"GFA Production Xiamen Co., Ltd.",Xiamen,China,CN,"Huli Industrial Park No. 20, Meixi Street; Tongan",12/08/2023,OAI,Drugs,CDER,Drug Quality Assurance,Yes
802768,3008386908,Gland Chemicals Private Limited,Chennai,India,IN,"& B - 11 Plot No B - 3, Sipcot Industrial Park; & B - 6 To B - 18",10/10/2012,OAI,Drugs,CDER,Drug Quality Assurance,Yes
858417,3008386908,Gland Chemicals Private Limited,Chennai,India,IN,"& B - 11 Plot No B - 3, Sipcot Industrial Park; & B - 6 To B - 18",12/10/2013,OAI,Drugs,CDER,Drug Quality Assurance,No
1050982,3008386908,Gland Chemicals Private Limited,Chennai,India,IN,"& B - 11 Plot No B - 3, Sipcot Industrial Park; & B - 6 To B - 18",04/03/2018,OAI,Drugs,CDER,Drug Quality Assurance,Yes
1297216,3008386908,Gland Chemicals Private Limited,Chennai,India,IN,"& B - 11 Plot No B - 3, Sipcot Industrial Park; & B - 6 To B - 18",11/27/2025,OAI,Drugs,CDER,Drug Quality Assurance,No
1228546,3008461619,Eugia Pharma Specialities Limited,Sangareddy,India,IN,"Unit-Iii, Plot No: 4, 34 To 40, 41p, 44 To 48, Epip, Tsiic, Ida, Pashamylaram Village, Patancheru Mandal",02/02/2024,OAI,Drugs,CDER,Drug Quality Assurance,Yes
1301166,3008461619,Eugia Pharma Specialities Limited,Sangareddy,India,IN,"Unit-Iii, Plot No: 4, 34 To 40, 41p, 44 To 48, Epip, Tsiic, Ida, Pashamylaram Village, Patancheru Mandal",02/06/2026,OAI,Drugs,CDER,Drug Quality Assurance,Yes
1084116,3008481002,Hangzhou Badi Daily Use Chemical Company,Huzhou,China,CN,"No. 56 Shuguang Road, Deqingxian",03/21/2019,OAI,Drugs,CDER,Drug Quality Assurance,No
992914,3008481334,"Hisun Pharmaceutical Hangzhou Co., Ltd",Hangzhou,China,CN,"No. 1 Haizheng Road, Xukouzhen Fuyang",10/27/2016,OAI,Drugs,CDER,Drug Quality Assurance,No
679365,3008494993,Synbiotics Limited,Luna,India,IN,"571 - 576 A Plot No 570, Maitry Marg; Ecp Canal Road",08/27/2010,OAI,Drugs,CDER,Drug Quality Assurance,No
966839,3008519597,"Yangzhou Hengyuan Daily Chemical Plastic Co., Ltd",Yangzhou,China,CN,"Industrial Park, 7 Sitong Road; Hangjizhen Hanjiang",01/22/2016,OAI,Drugs,CDER,Drug Quality Assurance,No
1006302,3008523281,Galentic Pharma (India) Private Limited,Navi Mumbai,India,IN,"Unit 1, R-673 T T C Midc, Thane Belapur Road",03/03/2017,OAI,Drugs,CDER,Drug Quality Assurance,Yes
700323,3008548557,Zhejiang G&f Foreign Trading Company,Hangzhou,China,CN,"Tonglu County, 369 Dongxing Lu; Linan",11/04/2010,OAI,Drugs,CDER,Drug Quality Assurance,No
701336,3008548567,Nanjing Maohai Biotech Co.,Nanjing,China,CN,"8 Yaxi, Town, Gaochun County",10/28/2010,OAI,Drugs,CDER,Drug Quality Assurance,No
1260403,3008565058,Glenmark Pharmaceuticals Limited,Dhar,India,IN,"Plot No 2, Pharma Zone Sez Pithampur; Phase - 2",02/14/2025,OAI,Drugs,CDER,Drug Quality Assurance,Yes
995187,3008581406,"Xiamen Nature Caring Products Co., Ltd",Xiamen,China,CN,"No. 70, Siming Industrial Zone, Meixi Road, Tong'An District",12/14/2016,OAI,Drugs,CDER,Drug Quality Assurance,No
1198343,3008581988,Cipla Limited,"Pithampur, District Dhar",India,IN,"Plot No. 9 & 10, Pharma Zone Phase Ii, Section Iiii, Indore Special Economic Zone",02/17/2023,OAI,Drugs,CDER,Drug Quality Assurance,No
947417,3008618917,Huzhou Aupower Sanitary Commodity,Huzhou,China,CN,"339 Jingsan Road, Changxing Dist",09/18/2015,OAI,Drugs,CDER,Drug Quality Assurance,No
1299346,3008654585,SMS Pharmaceuticals Limited,Vizianagaram,India,IN,"Unit Vii No. 160, 161, 163 to 167 Kandivalasa Village, Poosapatirega (M)",12/12/2025,OAI,Drugs,CDER,Drug Quality Assurance,No
1018863,3008655176,"Hangzhou Facecare Cosmetics Co., Ltd.",Hangzhou,China,CN,"Xiashastreet, No. 88 Xiasha Road; Qiantang District",06/22/2017,OAI,Drugs,CDER,Drug Quality Assurance,No
956046,3008766221,Arbro Pharmaceuticals Limited,New Delhi,India,IN,"4/9, Kirti Nagar Industrial Area",01/22/2016,OAI,Drugs,CDER,Drug Quality Assurance,No
1053188,3008785460,"Hangzhou Guoguang Touring Commodity Co.,Ltd.",Hangzhou,China,CN,"No. 8 Yushun Road, Jingshanzhen Yuhang",04/20/2018,OAI,Drugs,CDER,Drug Quality Assurance,No
1099554,3008846564,"Yibin Lihao Bio-technical Co., Ltd.",Yibin,China,CN,"Luolong Industrial Central Park, No. 5 Bin Jiang Road; Nanxixian",08/06/2019,OAI,Drugs,CDER,Drug Quality Assurance,No
1198364,3008861619,Centaur Pharmaceuticals Private Ltd.,Pune,India,IN,"Plot 4, International Biotech Park",02/08/2023,OAI,Drugs,CDER,Drug Quality Assurance,No
865677,3008932049,Ceph Lifesciences Private Limited,"Tehsil Baddi, Solan",India,IN,"Unit VI, Village Bhatoli kalan, Adjoining Jharmajri E.P.I.P., Postoffice Barotiwala",01/21/2014,OAI,Drugs,CDER,Drug Quality Assurance,No
1200622,3008932049,Ceph Lifesciences Private Limited,"Tehsil Baddi, Solan",India,IN,"Unit VI, Village Bhatoli kalan, Adjoining Jharmajri E.P.I.P., Postoffice Barotiwala",03/10/2023,OAI,Drugs,CDER,Drug Quality Assurance,Yes
927563,3008933231,Porus Laboratories Pvt. Ltd- Unit I,Kodad,India,IN,"339, Nallabandagudem Village",05/08/2015,OAI,Drugs,CDER,Drug Quality Assurance,No
893416,3008975772,"Nantong Tianlong Animal By-products Co., Ltd",Nantong,China,CN,"Dingyan, 9 Ding Xinlu; Rugao",08/08/2014,OAI,Drugs,CDER,Drug Quality Assurance,No
945605,3008996626,"Yuxing Biotechnology (Group) Co., Ltd.",Xingtai,China,CN,"Xicheng District, Ningjin County",08/21/2015,OAI,Drugs,CDER,Drug Quality Assurance,No
1089874,3009093782,Hetero Labs Ltd. - Unit IX,Visakhapatnam,India,IN,"Unit Ix, Plot No. 2, Hetero Infrastructure Sez, Narasapuram Village, Nakkapalli Mandal",05/14/2019,OAI,Drugs,CDER,Drug Quality Assurance,No
1111638,3009167769,Kumar Organic Products Limited,Vadodara,India,IN,"Plot No. 379, Canal Road, Maitri Marg., Village Luna, Taluka-Padra, District",11/14/2019,OAI,Drugs,CDER,Drug Quality Assurance,No
1003941,3009206013,"Foshan Flying Medical Products Co., Ltd.",Foshan,China,CN,"No. 49 Xiangshan 2th Road, Fengtain Industrial District",02/23/2017,OAI,Drugs,CDER,Drug Quality Assurance,No
1100282,3009223273,JHS SVENDGAARD LABORATORIES LTD,Johron,India,IN,"82 85 1 418 67 420 353 1 Kala Amb, Khasra No 179; 89 Trilokpur Road",08/22/2019,OAI,Drugs,CDER,Drug Quality Assurance,Yes
776114,3009245075,Shiyao Wu MD,Shanghai,China,CN,"S.J.T. U.S.M. NO. 639, ZHI ZAO JU ROAD, Shanghai 9th Peoples Hospital",02/03/2012,OAI,Drugs,CDER,Bioresearch Monitoring,No
1279747,3009250196,Patcos Cosmetics (India) Private Limited,Daman,India,IN,659 Kevdi Falia Road,07/18/2025,OAI,Drugs,CDER,Drug Quality Assurance,No
1084134,3009271465,Henan Kangdi Medical Devices Co. Ltd,Zhoukou,China,CN,"Sme Pioneer Park, No. 4 2nd Area",03/07/2019,OAI,Drugs,CDER,Drug Quality Assurance,No
989767,3009271645,"Zhejiang Jiuzhou Pharmaceutical Sci-Tech Co., Ltd",Hangzhou,China,CN,"No. 1889 Jingliu Road, Linjiang Industrial Zone, Qiantang New District",09/29/2016,OAI,Drugs,CDER,Drug Quality Assurance,No
955142,3009278506,Wockhardt Limited,Aurangabad,India,IN,"Plot E - 1/1, Midc Area; Shendra",01/12/2016,OAI,Drugs,CDER,Drug Quality Assurance,No
1031932,3009336980,Goran Pharma Private Ltd,Sihor,India,IN,Bhavnagar Rajkot Road,11/15/2017,OAI,Drugs,CDER,Drug Quality Assurance,Yes
1249754,3009350497,China Pharmaceutical University,Nanjing,China,CN,"No 639 Longmian Avenue, Jiangning Dist",09/20/2024,OAI,Drugs,CDER,Drug Quality Assurance,Yes
1097386,3009449945,Sunstar Guangzhou Ltd.,Guangzhou,China,CN,"Modern Industry Centre, Blk D F/5; 203 Conbo Avenue",06/28/2019,OAI,Drugs,CDER,Drug Quality Assurance,No
1006405,3009490758,"Jiangmen Nowadays Daily Goods Co., Ltd.",Jiangmen,China,CN,"Industrial Zone, Mingxing Village, Jiaotou, Jianghai",03/09/2017,OAI,Drugs,CDER,Drug Quality Assurance,Yes
847082,3009510975,Reliance Life Sciences Private Limited,Navi Mumbai,India,IN,"Ttc Area Of Midc, R - 282 Dhirubhai Ambani Life Sciences Centre; Thane Belapur Road",08/23/2013,OAI,Drugs,CDER,Drug Quality Assurance,No
1311632,3009510975,Reliance Life Sciences Private Limited,Navi Mumbai,India,IN,"Ttc Area Of Midc, R - 282 Dhirubhai Ambani Life Sciences Centre; Thane Belapur Road",02/27/2026,OAI,Drugs,CDER,Drug Quality Assurance,No
995834,3009653722,"Qinhuangdao Zizhu Pharmaceutical Co., Ltd.",Qinhuangdao,China,CN,"Economic & Technological Development Zone, No 10 Longhai Road",12/01/2016,OAI,Drugs,CDER,Drug Quality Assurance,No
806947,3009688205,Aarti Drugs Ltd,Tarapur,India,IN,Midc Plot No E21,11/07/2012,OAI,Drugs,CDER,Drug Quality Assurance,No
1076888,3009729392,Glint Cosmetics Private Ltd,Navi Mumbai,India,IN,"C-216-217-218 Ttc Industrial Area, MIDC, Turbhe",12/22/2018,OAI,Drugs,CDER,Drug Quality Assurance,No
1024517,3009773851,"MFCI (Huanggang) Co., Ltd.",Huanggang,China,CN,"Huangzhou Railway Station, No 5 Duotang Villlage; Economic Development Zone",08/17/2017,OAI,Drugs,CDER,Drug Quality Assurance,No
883778,3009866948,BE Pharmaceuticals Private Ltd.,"Tehsil, Paonta Sahib",India,IN,"Khasra No. 5/1,5/2 And 5/3, Vpo Nihalgarh, Rajban Road",06/12/2014,OAI,Drugs,CDER,Drug Quality Assurance,No
1209633,3009866948,BE Pharmaceuticals Private Ltd.,"Tehsil, Paonta Sahib",India,IN,"Khasra No. 5/1,5/2 And 5/3, Vpo Nihalgarh, Rajban Road",07/07/2023,OAI,Drugs,CDER,Drug Quality Assurance,No
1121634,3009876430,Shilpa Medicare Limited,"Jadcherla, Mahabubnagar District",India,IN,"Plot No. S20 to S26, Pharmaceutical Formulations SEZ, TSIIC Green Industrial Park, Polepally (Village)",02/25/2020,OAI,Drugs,CDER,Drug Quality Assurance,No
1271325,3009882550,Cdymax (India) Pharma Private Limited,Bangalore,India,IN,"77d & 116/117, Kiadb Industrial Area, Jigani, 2nd Phase",04/25/2025,OAI,Drugs,CDER,Drug Quality Assurance,No
1238749,3009883410,EUGIA Pharma Specialities Limited,Riico Industrial Area,India,IN,"Unit - 2, A - 1128 & B - 1127 Bhiwadi",05/03/2024,OAI,Drugs,CDER,Drug Quality Assurance,Yes
1297436,3009883410,EUGIA Pharma Specialities Limited,Riico Industrial Area,India,IN,"Unit - 2, A - 1128 & B - 1127 Bhiwadi",11/14/2025,OAI,Drugs,CDER,Drug Quality Assurance,No
1114965,3009892875,Panexcell Clinical Lab PVT. LTD.,Navi Mumbai,India,IN,R - 374 Ttc Midc,11/22/2019,OAI,Drugs,CDER,Bioresearch Monitoring,No
1020358,3010163907,"Jiangsu YongAn Pharmaceutical Co., Ltd",Huaian,China,CN,"Chuzhou Industrial Park, No. 8 Jing 15th Road",07/07/2017,OAI,Drugs,CDER,Drug Quality Assurance,No
1137555,3010165327,BBC Group Limited,Zhangzhou,China,CN,"No.456, Qiantu Village, Pumei Town, Yunxiao",03/26/2021,OAI,Drugs,CDER,Drug Quality Assurance,No
1196836,3010165392,MEDGEL PRIVATE LIMITED,"Pithampur, Dhar",India,IN,"Special Economic Zone, Plot No.-19-20, Pharma Zone, Phase-II, Sector-III",01/27/2023,OAI,Drugs,CDER,Drug Quality Assurance,Yes
1019492,3010166363,Shanghai Weierya Daily Chemicals Factory,Shanghai,China,CN,No. 1072 Dong Sheng Road,04/14/2017,OAI,Drugs,CDER,Drug Quality Assurance,No
1063810,3010166722,"Hangzhou SunKing Nonwovens Co., Ltd.",Hangzhou,China,CN,"Chongxian Industrial Area, Yuhang, No.888, Chongchao Road",08/09/2018,OAI,Drugs,CDER,Drug Quality Assurance,No
937019,3010166847,"Guangzhou Haishi Biological Technology Co., Ltd.",Guangzhou,China,CN,"1st Floor 2nd Floor, No. 10 Xiamao Songyuan Road, Baiyun Lake Street; Baiyun",07/24/2015,OAI,Drugs,CDER,Drug Quality Assurance,Yes
1028467,3010166997,"Sichuan Emeishan Pharmaceutical Co., Ltd.",Leshan,China,CN,"High-Tech Development Zone, No. 6 Yingbindadao;",09/22/2017,OAI,Drugs,CDER,Drug Quality Assurance,No
1069363,3010212308,B. JAIN PHARMACEUTICALS PRIVATE LIMITED,"Khushkhara, Bhiwadi",India,IN,E41/F Riico Industrial Area,08/29/2018,OAI,Drugs,CDER,Drug Quality Assurance,No
988256,3010280514,Lumis Global Pharmaceuticals Co. Ltd.,Wuhan,China,CN,"Huishang Mansion Unit 305, 2 Wudayuan Rd Donghu Ntdz",09/28/2016,OAI,Drugs,CDER,Drug Quality Assurance,No
958470,3010307355,Xiamen Origin Biotech Co. Ltd.,Xiamen,China,CN,"NO. 7 Xiang Yue Road, Xiamen Torch",01/20/2016,OAI,Drugs,CDER,Drug Quality Assurance,No
1023993,3010387028,"Foshan Jinxiong Technology Co., Ltd.",Foshan,China,CN,"Shang'an, Danzhao Town, Lijia Development Zone,",08/18/2017,OAI,Drugs,CDER,Drug Quality Assurance,No
1250191,3010408344,Phoenix Innovative Healthcare Manufacturers Private Limited,Navi Mumbai,India,IN,"El - 209 Ttc Industrial Area, Shil Mahape Road Electronic Zone",09/27/2024,OAI,Drugs,CDER,Drug Quality Assurance,Yes
1257151,3010409377,Hindustan Mint & Agro Products Private Ltd,"Chandausi, Moradabad",India,IN,Deverkhera Moradabad Road,12/05/2024,OAI,Drugs,CDER,Drug Quality Assurance,No
953482,3010532174,Pan Drugs Limited,Vadodara,India,IN,"192 G I D C Makarpura Industrial Estate, M I Estate",12/03/2015,OAI,Drugs,CDER,Drug Quality Assurance,No
874488,3010533926,"China Resources Sanjiu Medical & Pharmaceutical Co., Ltd.",Shenzhen,China,CN,"No. 1 Guanlan, Guanlanzhen Longgang",03/28/2014,OAI,Drugs,CDER,Drug Quality Assurance,No
1145596,3010580682,"Hubei Kangzheng Pharmaceutical Co., Ltd.",Anlu,China,CN,88 Jinquan,06/24/2021,OAI,Drugs,CDER,Drug Quality Assurance,No
867571,3010657600,"Beijing Shunxin Meihua Bio-technical Co., Ltd.",Shunyi,China,CN,"No 7 Fuqiandongjie, Shunyizhen",02/19/2014,OAI,Drugs,CDER,Drug Quality Assurance,No
1012969,3010671652,Bicooya Cosmetics Limited,Jinhua,China,CN,"No 17 Yanhu Road, Shangxizhen Yiwu",05/25/2017,OAI,Drugs,CDER,Drug Quality Assurance,No
975169,3010679196,"Suzhou Pharmaceutical Technology Co.,Ltd",Suzhou,China,CN,"Tongjing Commercial Plaza Room 920, 3 Jie Fang Road; Kaifa Kunshan",06/08/2016,OAI,Drugs,CDER,Drug Quality Assurance,No
1022519,3010784755,Hunan Norchem Pharmaceutical Co. Ltd.,Jin,China,CN,"No. 20 Mengjiangnv Avenue, Economic Development Zone",07/28/2017,OAI,Drugs,CDER,Drug Quality Assurance,No
1273155,3010806039,Blossom Pharmaceuticals,"Bardej, Goa",India,IN,Plot No. 21/22 Bardez Blossom Pharmaceuticals Karaswada-Tivim,04/11/2025,OAI,Drugs,CDER,Drug Quality Assurance,Yes
1118299,3010910756,Mayon's Pharmaceuticals Private Ltd,Nagpur,India,IN,"Piot No 17, 1 Khasra No 6, Behind Octroi Naka",02/20/2020,OAI,Drugs,CDER,Drug Quality Assurance,Yes
1108571,3010960741,Megsan Labs Private Limited,Hyderabad,India,IN,"3-31/33, Plot No. 33, Part Sy. No. 123, 124, 125 & 142, Kompally, Quthbullapur",11/01/2019,OAI,Drugs,CDER,Drug Quality Assurance,Yes
1281220,3010960741,Megsan Labs Private Limited,Hyderabad,India,IN,"3-31/33, Plot No. 33, Part Sy. No. 123, 124, 125 & 142, Kompally, Quthbullapur",08/22/2025,OAI,Drugs,CDER,Drug Quality Assurance,No
1086758,3010972581,Zhejiang Tianyu Pharmaceutical Co Ltd,Taizhoushi,China,CN,"Jiangkou Development Zone, Huangyan",04/12/2019,OAI,Drugs,CDER,Drug Quality Assurance,No
1163904,3010972581,Zhejiang Tianyu Pharmaceutical Co Ltd,Taizhoushi,China,CN,"Jiangkou Development Zone, Huangyan",03/04/2022,OAI,Drugs,CDER,Drug Quality Assurance,No
935236,3011059443,Malwa Oxygen & Industrial Gases Pvt. Ltd.,Ratlam,India,IN,Sector C Industrial Area,07/17/2015,OAI,Drugs,CDER,Drug Quality Assurance,No
1048450,3011060456,Shandong Analysis and Test Center,Jinan,China,CN,NO 19 Keyuan Road,03/26/2018,OAI,Drugs,CDER,Drug Quality Assurance,No
1096431,3011084341,Evertogen Life Sciences Ltd.,Mahabubnagar,India,IN,"Plot S-8, S-9, S-13/P, S-14/P, Green Industrial Park, Polepally Village, Jadcherla Mandal",06/21/2019,OAI,Drugs,CDER,Drug Quality Assurance,No
1035268,3011090864,Longood Medicine (Beijing) Co Ltd,Beijing,China,CN,"No 13 Yunteng Road, Miyunxian",09/29/2017,OAI,Drugs,CDER,Drug Quality Assurance,No
1219423,3011139911,"Sichuan Deebio Pharmaceutical Co., Ltd.",Guanghan,China,CN,"15 She,Gaocao Village, Xiaohan Town",09/08/2023,OAI,Drugs,CDER,Drug Quality Assurance,No
1023116,3011155936,"Shanwei Honghui Daily Appliance Co., Ltd.",Shanwei,China,CN,"Chunzai Garden Wuya Hong, Cao Town",08/03/2017,OAI,Drugs,CDER,Drug Quality Assurance,No
1251527,3011346498,"Yangzhou Sion Commodity Co., Ltd.",Yangzhou,China,CN,"Hangji Industrial Park, 168 Longwang Road; Hangjizhen Han Jiang District",09/27/2024,OAI,Drugs,CDER,Drug Quality Assurance,No
1033847,3011460262,Health Biotech Limited,Baddi,India,IN,"Baddi - Nalagarh Road, Near Clark Hotel",12/05/2017,OAI,Drugs,CDER,Drug Quality Assurance,Yes
1227734,3011524794,Laurus Synthesis Private Limited,Visakhapatnam,India,IN,"Plot 74b Jawaharlal Nehru Pharma City, Parawada Anakapalli",12/12/2023,OAI,Drugs,CDER,Drug Quality Assurance,No
1035326,3011543431,Reine Lifescience,Ankleshwar,India,IN,"Sf-12 Shrinathji Arcade Plot No-5901, Karmatur Road",11/03/2017,OAI,Drugs,CDER,Drug Quality Assurance,No
1254499,3011640199,Yiling Pharmaceutical Ltd.,Shijiazhuang,China,CN,No. 36 Zhujiang Road,10/11/2024,OAI,Drugs,CDER,Drug Quality Assurance,No
1018862,3011688905,"Yangzhou Pioneer Household Products Co., Ltd.",Yangzhou,China,CN,"4 Mingyuan Road, Hangji Town",04/20/2017,OAI,Drugs,CDER,Drug Quality Assurance,No
1012822,3011717652,"Shandong Vianor Biotech Co., Ltd.",Linyi,China,CN,"Innovation Park Unit D, Technology Ave",05/10/2017,OAI,Drugs,CDER,Drug Quality Assurance,No
1067458,3011780163,"Dong Yuan Technology Co., Ltd.",Linyi,China,CN,"No. 100 Yihe East Road, Hedong District",09/28/2018,OAI,Drugs,CDER,Drug Quality Assurance,No
1042595,3011783104,JT Cosmetics & Chemicals Pvt Ltd.,Panchmahal,India,IN,53 Kalol Gidc Estate,02/28/2018,OAI,Drugs,CDER,Drug Quality Assurance,Yes
1249117,3011845012,Shree Jaya Laboratories Private Limited,"Yadadri, Bhuvanagiri District",India,IN,"Survey Number 299,Malkapur (Village & post), Choutuppal Mandal",09/12/2024,OAI,Drugs,CDER,Drug Quality Assurance,No
1221228,3011853060,Kilitch Healthcare India Limited,Navi Mumbai,India,IN,R - 904 905 Midc Area Road,10/20/2023,OAI,Drugs,CDER,Drug Quality Assurance,Yes
970028,3011903543,"Chongqing Carelife Pharmaceutical Co., Ltd.",Chongqing,China,CN,"2 The Third Branch Road, Huanan Road, Yanjia, Changshou",05/19/2016,OAI,Drugs,CDER,Drug Quality Assurance,No
1035442,3011903543,"Chongqing Carelife Pharmaceutical Co., Ltd.",Chongqing,China,CN,"2 The Third Branch Road, Huanan Road, Yanjia, Changshou",11/30/2017,OAI,Drugs,CDER,Drug Quality Assurance,No
967680,3012036684,Dr. A. Sharda,Bangalore,India,IN,"Stage 1, 640 1 12'Th Main Road",04/07/2016,OAI,Drugs,CDER,Bioresearch Monitoring,No
987377,3012038210,S. Shamanna* Srikanta,Bangalore,India,IN,"Jnana Sanjeevini Medical Centre, P; # 2 J; 1a Cross",04/07/2016,OAI,Drugs,CDER,Bioresearch Monitoring,Yes
1209013,3012073956,Aarti Phosphates,Ambernath,India,IN,"N-43 Plot, Thane",06/08/2023,OAI,Drugs,CDER,Drug Quality Assurance,No
1004955,3012178852,Galentic Pharma (India) Pvt. Ltd,Gandhidham,India,IN,"Plots 5B & 5C, Sector III, Kandla SEZ",02/24/2017,OAI,Drugs,CDER,Drug Quality Assurance,Yes
1022401,3012316632,"Shenzhen Senton Science & Technology Co.,Ltd.",Shenzhen,China,CN,"294 Longnan Rd, Longdong Community",06/23/2017,OAI,Drugs,CDER,Drug Quality Assurance,No
1200169,3012323885,Global Pharma Healthcare Private Limited,Chennai,India,IN,"A - 9 Sidco Pharmaceutical Complex, Thiruporur",03/02/2023,OAI,Drugs,CDER,Drug Quality Assurance,No
1070291,3012375554,"Livzon Group (Ningxia) Pharmaceutical Co., Ltd.",Shizuishan,China,CN,"Pingluo Industrial Park, Toushi Road West,301 Provincial Highway South",10/19/2018,OAI,Drugs,CDER,Drug Quality Assurance,No
1086615,3012390454,APARNA ORGANICS LIMITED,Srikakulam,India,IN,"Sy. No. 78, 79, 80 & 145, Chittivalasa, Pydibhimavaram, Ranastalam",03/15/2019,OAI,Drugs,CDER,Drug Quality Assurance,No
1078143,3012448465,Strides Pharma Science Limited,Puducherry,India,IN,"R. S. No. 31, 32 and 33 PIMS Road, Periyakalapet",02/05/2019,OAI,Drugs,CDER,Drug Quality Assurance,No
1251977,3012796281,"Aspen Biopharma Labs Pvt., Ltd.",Medchal Malkajgiri,India,IN,"Plot No 10, Biotech Park Phase-II, Lalgadi Malakpet Village,Turkapally, Shameerpet Mandal",09/21/2024,OAI,Drugs,CDER,Drug Quality Assurance,No
1244993,3012809762,Bhargava Phytolab Private Limited,Bhiwadi,India,IN,"E-1216 Extn Ghatal, Phase-1",07/26/2024,OAI,Drugs,CDER,Drug Quality Assurance,Yes
1032075,3012903349,"Sichuan Friendly Pharmaceutical Co., Ltd.",Neijiang,China,CN,"680 Hong Pailu, Dongxing",10/27/2017,OAI,Drugs,CDER,Drug Quality Assurance,No
1265725,3013321339,"Taizhou Kangping Medical Science And Technology Co., Ltd.",Taizhou,China,CN,"Hailing Industrial Park, 27 Tai'An Road",03/14/2025,OAI,Drugs,CDER,Drug Quality Assurance,Yes
1088247,3013345425,"Linhai Tianyu Pharmaceutical Co., Ltd.",Taizhou,China,CN,"Provincial Chemical And Medical Raw Materials Base, No. 15 Donghai 5th Ave. Provincial Chem.",04/19/2019,OAI,Drugs,CDER,Drug Quality Assurance,No
1239138,3013514280,Unexo Life Sciences Private Limited,New Delhi,India,IN,B16 Sector 4,05/14/2024,OAI,Drugs,CDER,Drug Quality Assurance,No
1077950,3013558030,"Xi'an Livingbond Nonwoven Products Corp., Ltd.",Xian,China,CN,"No. 3 Standardized Plant, Xingyuan Road, Fengjing Industrial Park, HuYi County",01/10/2019,OAI,Drugs,CDER,Drug Quality Assurance,No
1293724,3013697420,BioMylz Pvt. Ltd.,Bengaluru,India,IN,"Building No.1, #21-D, 2nd Phase, Peenya Industrial Area",02/09/2026,OAI,Drugs,CDER,Drug Quality Assurance,No
1236639,3013712903,Zydus Lifesciences Limited,Jarod,India,IN,434/6/B & 434/1/K Vadodara - Halol Highway,04/23/2024,OAI,Drugs,CDER,Drug Quality Assurance,Yes
1297642,3013723309,"Hunan Xiangyikang Pharmaceutical Co., Ltd.",Yiyang,China,CN,Datonghu District,11/21/2025,OAI,Drugs,CDER,Drug Quality Assurance,No
1098875,3013761135,"Zhuhai Aofute Medical Technology Co., Ltd.",Zhuhai,China,CN,"Building 1 Room 202, No. 33 Yong South Rd; Nanshui Zhen Jinwan",07/18/2019,OAI,Drugs,CDER,Drug Quality Assurance,No
1228294,3014129013,Brassica Pharma Private Ltd,Thane,India,IN,"Plot No T-68, T-63 Midc Mahape; West Boisar",01/19/2024,OAI,Drugs,CDER,Drug Quality Assurance,Yes
1286150,3014210753,Immacule Lifesciences Private Limited,Nalagarh,India,IN,Ropar Road,09/18/2025,OAI,Drugs,CDER,Drug Quality Assurance,No
1255797,3014244255,"Taizhou Jingshang Cosmetics Technology Co., Ltd.",Taizhou,China,CN,"Luqiao Dist., Shanhoupan Village; Hengjie Town",11/21/2024,OAI,Drugs,CDER,Drug Quality Assurance,No
1049746,3014248824,Dr. Rajendra Kashinath Shimpi,Pune,India,IN,"Grant Medical, 40 Sassoon Road",03/29/2018,OAI,Drugs,CDER,Bioresearch Monitoring,No
1102541,3014324616,"Hangzhou Linkeweier Daily Chemicals Co., Ltd.",Hangzhou,China,CN,"Datong Village, Louta Town, Xiaoshan District",09/17/2019,OAI,Drugs,CDER,Drug Quality Assurance,No
1084925,3014325105,"Shanghai Co-Fun Biotech Corp., Ltd.",Shanghai,China,CN,"Building 1, Shanyang, 269 East Hongqi Road; Jinshan",03/21/2019,OAI,Drugs,CDER,Drug Quality Assurance,No
1250932,3014438694,"Wuhu Nuowei Chemistry Co., Ltd",Wuhu,China,CN,"Chuangxin Road, Jiujiang Economic Development Zone",09/06/2024,OAI,Drugs,CDER,Drug Quality Assurance,No
1106069,3014466792,ESSND GLOBAL,Sinnar,India,IN,"C - 176 Industrial Development Corp, Pune-Nashik Road",09/13/2019,OAI,Drugs,CDER,Drug Quality Assurance,No
1291794,3014543859,"Yangzhou H&R Plastic Daily Chemical Co., Ltd.",Yangzhou,China,CN,"188 Xingyuan Road, Hangjizhen Han Jiang District",10/24/2025,OAI,Drugs,CDER,Drug Quality Assurance,No
1101849,3014616341,NEW WORLD HEALTHCARE PRIVATE LIMITED,Mehsana,India,IN,"Plot No. 307/2-3, Opposite Bus Stop",09/13/2019,OAI,Drugs,CDER,Drug Quality Assurance,Yes
1234325,3014773352,MMC HEALTHCARE LTD.,Chennai,India,IN,"34-B Sidco Industrial Estate, Thirumazhisai",03/30/2024,OAI,Drugs,CDER,Drug Quality Assurance,Yes
1084540,3015238172,"Yino, Inc. (Trading Company)",Chongqing,China,CN,"Number 2 Cuiping Erxiang, Yubei",03/22/2019,OAI,Drugs,CDER,Drug Quality Assurance,No
1116359,3015658387,Vega Life Sciences,Hyderabad,India,IN,"Plot No. D-15, 16, 21, & 22 Phase-1, Ida, Pashamylaram, Patancheru Medak District",11/28/2019,OAI,Drugs,CDER,Drug Quality Assurance,No
1284308,3015793804,Abryl Laboratories Private Limited,Dera Bassi SAS Nagar,India,IN,"Village Bhagwanpur, Tehsil",09/26/2025,OAI,Drugs,CDER,Drug Quality Assurance,No
1252050,3015794560,MACSEN DRUGS,Udaipur,India,IN,"F-261, 262, 263 Riico Industrial Area Gudli, Tehsil Mavli",09/06/2024,OAI,Drugs,CDER,Drug Quality Assurance,No
1250836,3016787260,"Shantou S.E.Z Baojie Industry Co., Ltd.",Shantou,China,CN,"Sihuang Road, Lugang Town, Chaonan District",08/30/2024,OAI,Drugs,CDER,Drug Quality Assurance,No
1292478,3017118698,"Foshan Miwei Cosmetics Co., Ltd.",Foshan,China,CN,"801 & 802, Building 9, Baofa Jewellery Industry Centre, No. 1 Feicui Road; Lunjiao; Shunde District",10/24/2025,OAI,Drugs,CDER,Drug Quality Assurance,No
1264612,3017153258,"Anhui Hanbon Daily Chemical Co., Ltd.",Huainan,China,CN,"Xinqiao International Industrial Park, No. 55 Chuangye Ave",02/28/2025,OAI,Drugs,CDER,Drug Quality Assurance,Yes
1167809,3017227582,"Beijing Xinggu Lvsan Technology Co., Ltd",Beijing,China,CN,"No 48 Pingwang Street, Xinggu Development Zone Pinggu District",04/15/2022,OAI,Drugs,CDER,Drug Quality Assurance,No
1216544,3017399141,Indrayani Hospital and Cancer Institute,Alandi Devachi,India,IN,"Ground Floor, Alandi - Chakan Road; Pune Nashik Road",08/11/2023,OAI,Drugs,CDER,Bioresearch Monitoring,No
1271935,3017906786,"Mukesh B. Chandre, MD MBBS",Ulhasnagar,India,IN,Near Jijarnata Udhyan,05/09/2025,OAI,Drugs,CDER,Bioresearch Monitoring,Yes
1285902,3019853324,Flowchem Pharma Private Limited,Hindupur,India,IN,"8(P) Plot No 2b - 2 - 2c, Survey No 7(P) &; Gollapuram Industrial Park",09/12/2025,OAI,Drugs,CDER,Drug Quality Assurance,No
1225051,3019956301,"Lin Shen, M.D.",Haidian District,China,CN,No. 52 Fucheng Road,11/17/2023,OAI,Drugs,CDER,Bioresearch Monitoring,No
1301886,3019975128,Auriga Research Private Limited,Bengaluru,India,IN,"Plot No 136, 6th Cross",02/06/2026,OAI,Drugs,CDER,Drug Quality Assurance,Yes
1261288,3022380309,KENIL HEALTHCARE PRIVATE LIMITED,Mehsana,India,IN,"Plot 319 Acharasan-Ankhol Road, At Acharasan, Ta Kadi",12/11/2024,OAI,Drugs,CDER,Drug Quality Assurance,No
1255022,3022553689,"Aopline Health Industry Technology (Guangzhou) Co., Ltd.",Guangzhou,China,CN,"No 22 7 Road, Taipingyang Industrial, Zengcheng Area, Xintang",11/08/2024,OAI,Drugs,CDER,Drug Quality Assurance,No
1293332,3024038751,"Harbin Jixianglong Biotech Co., Ltd.",Haerbin,China,CN,"North Of Baoan Road, East Of Changqing Street, Hulan District",11/07/2025,OAI,Drugs,CDER,Drug Quality Assurance,No
1281150,3027976266,"Xiamen Kang Zhongyuan Biotechnology Co., Ltd.",Xiamen,China,CN,"No. 2018, 2 Jietou Road",08/15/2025,OAI,Drugs,CDER,Drug Quality Assurance,No
1257012,3028192440,Healwell Homeo Private Limited,Ahmedabad,India,IN,"Plot No. 215/1 220/1 & 221/1, Village Indrad, Tal Kadi, Dist Mehsana",12/20/2024,OAI,Drugs,CDER,Drug Quality Assurance,Yes
1298930,3030304532,Wizcure Pharmaa Private Limited,Alwar,India,IN,"H-881 Industrial Area, Bhiwadi",12/10/2025,OAI,Drugs,CDER,Drug Quality Assurance,No
1304392,3030509366,Almon Healthcare Private Limited,Ahmedabad,India,IN,"Sk Industrial Estate Plot No 4, Behind Kerala Gidc",02/13/2026,OAI,Drugs,CDER,Drug Quality Assurance,No
1259109,3032031390,"P. Damodara Kumaran, M.D.",Pondicherry,India,IN,"And 12, No 10 Thillai Maistry Street",01/24/2025,OAI,Drugs,CDER,Bioresearch Monitoring,Yes
1266924,3033136100,"Sourav K. Mishra, M.D.",Bhubaneswar,India,IN,"Sijua, Patrapada, All India Institute Of Medical Sciences",03/20/2025,OAI,Drugs,CDER,Bioresearch Monitoring,No
1300740,3033881432,Shimoga Chemicals,Sangli,India,IN,"W57 A Shimoga Chemicals, Kupwad Midc",01/23/2026,OAI,Drugs,CDER,Drug Quality Assurance,No
1319896,3038200383,Shoolin Pharma Chem LLP,Kadi,India,IN,"408 B/H Ratnamani Tubes, Block/Survey No; Nr Maruti Inox",04/17/2026,OAI,Drugs,CDER,Drug Quality Assurance,No
